sheet,series_key,period,value
Chart_1,SAFE.H.U2.ALL.A.0.0.0.Q10.10A.NN.AL.WP,22Q4-Q1,86.59152
Chart_1,SAFE.H.U2.ALL.A.0.0.0.Q10.10B.NN.AL.WP,22Q4-Q1,53.09522
Chart_1,SAFE.H.U2.ALL.A.0.0.0.Q10.10C.NN.AL.WP,22Q4-Q1,13.76627
Chart_1,SAFE.H.U2.ALL.A.0.0.0.Q10.10D.NN.AL.WP,22Q4-Q1,2.7527
Chart_1,SAFE.H.U2.ALL.A.0.0.0.Q10.10E.NN.AL.WP,22Q4-Q1,19.01212
Chart_1,SAFE.H.U2.ALL.A.0.0.0.Q10.10F.NN.AL.WP,22Q4-Q1,23.92901
Chart_1,SAFE.H.U2.LAR.A.0.0.0.Q10.10A.NN.AL.WP,22Q4-Q1,91.54959
Chart_1,SAFE.H.U2.LAR.A.0.0.0.Q10.10B.NN.AL.WP,22Q4-Q1,46.66918
Chart_1,SAFE.H.U2.LAR.A.0.0.0.Q10.10C.NN.AL.WP,22Q4-Q1,16.09318
Chart_1,SAFE.H.U2.LAR.A.0.0.0.Q10.10D.NN.AL.WP,22Q4-Q1,2.725519
Chart_1,SAFE.H.U2.LAR.A.0.0.0.Q10.10E.NN.AL.WP,22Q4-Q1,16.60311
Chart_1,SAFE.H.U2.LAR.A.0.0.0.Q10.10F.NN.AL.WP,22Q4-Q1,22.31372
Chart_1,SAFE.H.U2.SME.A.0.0.0.Q10.10A.NN.AL.WP,22Q4-Q1,81.68567
Chart_1,SAFE.H.U2.SME.A.0.0.0.Q10.10B.NN.AL.WP,22Q4-Q1,59.4536
Chart_1,SAFE.H.U2.SME.A.0.0.0.Q10.10C.NN.AL.WP,22Q4-Q1,11.46387
Chart_1,SAFE.H.U2.SME.A.0.0.0.Q10.10D.NN.AL.WP,22Q4-Q1,2.779596
Chart_1,SAFE.H.U2.SME.A.0.0.0.Q10.10E.NN.AL.WP,22Q4-Q1,21.39576
Chart_1,SAFE.H.U2.SME.A.0.0.0.Q10.10F.NN.AL.WP,22Q4-Q1,25.52728
Chart_1,SAFE.H.U2.ALL.A.0.0.0.Q10.10A.NN.AL.WP,23Q2-Q3,86.09596
Chart_1,SAFE.H.U2.ALL.A.0.0.0.Q10.10B.NN.AL.WP,23Q2-Q3,57.71696
Chart_1,SAFE.H.U2.ALL.A.0.0.0.Q10.10C.NN.AL.WP,23Q2-Q3,13.45114
Chart_1,SAFE.H.U2.ALL.A.0.0.0.Q10.10D.NN.AL.WP,23Q2-Q3,2.243661
Chart_1,SAFE.H.U2.ALL.A.0.0.0.Q10.10E.NN.AL.WP,23Q2-Q3,20.36372
Chart_1,SAFE.H.U2.ALL.A.0.0.0.Q10.10F.NN.AL.WP,23Q2-Q3,23.22927
Chart_1,SAFE.H.U2.LAR.A.0.0.0.Q10.10A.NN.AL.WP,23Q2-Q3,90.0335
Chart_1,SAFE.H.U2.LAR.A.0.0.0.Q10.10B.NN.AL.WP,23Q2-Q3,54.45804
Chart_1,SAFE.H.U2.LAR.A.0.0.0.Q10.10C.NN.AL.WP,23Q2-Q3,16.48253
Chart_1,SAFE.H.U2.LAR.A.0.0.0.Q10.10D.NN.AL.WP,23Q2-Q3,4.471177
Chart_1,SAFE.H.U2.LAR.A.0.0.0.Q10.10E.NN.AL.WP,23Q2-Q3,17.5187
Chart_1,SAFE.H.U2.LAR.A.0.0.0.Q10.10F.NN.AL.WP,23Q2-Q3,21.2315
Chart_1,SAFE.H.U2.SME.A.0.0.0.Q10.10A.NN.AL.WP,23Q2-Q3,82.19943
Chart_1,SAFE.H.U2.SME.A.0.0.0.Q10.10B.NN.AL.WP,23Q2-Q3,60.94192
Chart_1,SAFE.H.U2.SME.A.0.0.0.Q10.10C.NN.AL.WP,23Q2-Q3,10.45133
Chart_1,SAFE.H.U2.SME.A.0.0.0.Q10.10D.NN.AL.WP,23Q2-Q3,0.039347
Chart_1,SAFE.H.U2.SME.A.0.0.0.Q10.10E.NN.AL.WP,23Q2-Q3,23.17911
Chart_1,SAFE.H.U2.SME.A.0.0.0.Q10.10F.NN.AL.WP,23Q2-Q3,25.20622
Chart_1,SAFE.H.U2.ALL.A.0.0.0.Q10.10A.NN.AL.WP,23Q4-Q1,63.68932
Chart_1,SAFE.H.U2.ALL.A.0.0.0.Q10.10B.NN.AL.WP,23Q4-Q1,47.91893
Chart_1,SAFE.H.U2.ALL.A.0.0.0.Q10.10C.NN.AL.WP,23Q4-Q1,10.42388
Chart_1,SAFE.H.U2.ALL.A.0.0.0.Q10.10D.NN.AL.WP,23Q4-Q1,3.18395
Chart_1,SAFE.H.U2.ALL.A.0.0.0.Q10.10E.NN.AL.WP,23Q4-Q1,16.3711
Chart_1,SAFE.H.U2.ALL.A.0.0.0.Q10.10F.NN.AL.WP,23Q4-Q1,20.22913
Chart_1,SAFE.H.U2.LAR.A.0.0.0.Q10.10A.NN.AL.WP,23Q4-Q1,65.14679
Chart_1,SAFE.H.U2.LAR.A.0.0.0.Q10.10B.NN.AL.WP,23Q4-Q1,44.4062
Chart_1,SAFE.H.U2.LAR.A.0.0.0.Q10.10C.NN.AL.WP,23Q4-Q1,10.65525
Chart_1,SAFE.H.U2.LAR.A.0.0.0.Q10.10D.NN.AL.WP,23Q4-Q1,3.609804
Chart_1,SAFE.H.U2.LAR.A.0.0.0.Q10.10E.NN.AL.WP,23Q4-Q1,13.36436
Chart_1,SAFE.H.U2.LAR.A.0.0.0.Q10.10F.NN.AL.WP,23Q4-Q1,19.32954
Chart_1,SAFE.H.U2.SME.A.0.0.0.Q10.10A.NN.AL.WP,23Q4-Q1,62.14583
Chart_1,SAFE.H.U2.SME.A.0.0.0.Q10.10B.NN.AL.WP,23Q4-Q1,51.639
Chart_1,SAFE.H.U2.SME.A.0.0.0.Q10.10C.NN.AL.WP,23Q4-Q1,10.17884
Chart_1,SAFE.H.U2.SME.A.0.0.0.Q10.10D.NN.AL.WP,23Q4-Q1,2.732962
Chart_1,SAFE.H.U2.SME.A.0.0.0.Q10.10E.NN.AL.WP,23Q4-Q1,19.55531
Chart_1,SAFE.H.U2.SME.A.0.0.0.Q10.10F.NN.AL.WP,23Q4-Q1,21.18182
Chart_1,SAFE.H.U2.ALL.A.0.0.0.Q10.10A.NN.AL.WP,24Q2-Q3,20.80867
Chart_1,SAFE.H.U2.ALL.A.0.0.0.Q10.10B.NN.AL.WP,24Q2-Q3,34.785773
Chart_1,SAFE.H.U2.ALL.A.0.0.0.Q10.10C.NN.AL.WP,24Q2-Q3,10.643843
Chart_1,SAFE.H.U2.ALL.A.0.0.0.Q10.10D.NN.AL.WP,24Q2-Q3,4.72633
Chart_1,SAFE.H.U2.ALL.A.0.0.0.Q10.10E.NN.AL.WP,24Q2-Q3,15.014078
Chart_1,SAFE.H.U2.ALL.A.0.0.0.Q10.10F.NN.AL.WP,24Q2-Q3,17.477689
Chart_1,SAFE.H.U2.LAR.A.0.0.0.Q10.10A.NN.AL.WP,24Q2-Q3,13.454668
Chart_1,SAFE.H.U2.LAR.A.0.0.0.Q10.10B.NN.AL.WP,24Q2-Q3,30.841858
Chart_1,SAFE.H.U2.LAR.A.0.0.0.Q10.10C.NN.AL.WP,24Q2-Q3,14.049542
Chart_1,SAFE.H.U2.LAR.A.0.0.0.Q10.10D.NN.AL.WP,24Q2-Q3,7.064501
Chart_1,SAFE.H.U2.LAR.A.0.0.0.Q10.10E.NN.AL.WP,24Q2-Q3,12.572819
Chart_1,SAFE.H.U2.LAR.A.0.0.0.Q10.10F.NN.AL.WP,24Q2-Q3,13.336829
Chart_1,SAFE.H.U2.SME.A.0.0.0.Q10.10A.NN.AL.WP,24Q2-Q3,26.89934
Chart_1,SAFE.H.U2.SME.A.0.0.0.Q10.10B.NN.AL.WP,24Q2-Q3,38.05217
Chart_1,SAFE.H.U2.SME.A.0.0.0.Q10.10C.NN.AL.WP,24Q2-Q3,7.823203
Chart_1,SAFE.H.U2.SME.A.0.0.0.Q10.10D.NN.AL.WP,24Q2-Q3,2.78983
Chart_1,SAFE.H.U2.SME.A.0.0.0.Q10.10E.NN.AL.WP,24Q2-Q3,17.035957
Chart_1,SAFE.H.U2.SME.A.0.0.0.Q10.10F.NN.AL.WP,24Q2-Q3,20.907197
Chart_1,SAFE.H.U2.ALL.A.0.0.0.Q10.10A.NN.AL.WP,24Q4-Q1,-10.552873
Chart_1,SAFE.H.U2.ALL.A.0.0.0.Q10.10B.NN.AL.WP,24Q4-Q1,22.048435
Chart_1,SAFE.H.U2.ALL.A.0.0.0.Q10.10C.NN.AL.WP,24Q4-Q1,6.852435
Chart_1,SAFE.H.U2.ALL.A.0.0.0.Q10.10D.NN.AL.WP,24Q4-Q1,2.019858
Chart_1,SAFE.H.U2.ALL.A.0.0.0.Q10.10E.NN.AL.WP,24Q4-Q1,11.538966
Chart_1,SAFE.H.U2.ALL.A.0.0.0.Q10.10F.NN.AL.WP,24Q4-Q1,15.426611
Chart_1,SAFE.H.U2.LAR.A.0.0.0.Q10.10A.NN.AL.WP,24Q4-Q1,-28.279132
Chart_1,SAFE.H.U2.LAR.A.0.0.0.Q10.10B.NN.AL.WP,24Q4-Q1,13.679151
Chart_1,SAFE.H.U2.LAR.A.0.0.0.Q10.10C.NN.AL.WP,24Q4-Q1,5.41492
Chart_1,SAFE.H.U2.LAR.A.0.0.0.Q10.10D.NN.AL.WP,24Q4-Q1,1.057524
Chart_1,SAFE.H.U2.LAR.A.0.0.0.Q10.10E.NN.AL.WP,24Q4-Q1,9.595305
Chart_1,SAFE.H.U2.LAR.A.0.0.0.Q10.10F.NN.AL.WP,24Q4-Q1,12.822235
Chart_1,SAFE.H.U2.SME.A.0.0.0.Q10.10A.NN.AL.WP,24Q4-Q1,7.022617
Chart_1,SAFE.H.U2.SME.A.0.0.0.Q10.10B.NN.AL.WP,24Q4-Q1,30.346534
Chart_1,SAFE.H.U2.SME.A.0.0.0.Q10.10C.NN.AL.WP,24Q4-Q1,8.277723
Chart_1,SAFE.H.U2.SME.A.0.0.0.Q10.10D.NN.AL.WP,24Q4-Q1,2.974007
Chart_1,SAFE.H.U2.SME.A.0.0.0.Q10.10E.NN.AL.WP,24Q4-Q1,13.466095
Chart_1,SAFE.H.U2.SME.A.0.0.0.Q10.10F.NN.AL.WP,24Q4-Q1,18.008836
Chart_1,SAFE.H.U2.ALL.A.0.0.0.Q10.10A.NN.AL.WP,25Q2-Q3,5.095136
Chart_1,SAFE.H.U2.ALL.A.0.0.0.Q10.10B.NN.AL.WP,25Q2-Q3,22.974015
Chart_1,SAFE.H.U2.ALL.A.0.0.0.Q10.10C.NN.AL.WP,25Q2-Q3,7.478492
Chart_1,SAFE.H.U2.ALL.A.0.0.0.Q10.10D.NN.AL.WP,25Q2-Q3,4.612497
Chart_1,SAFE.H.U2.ALL.A.0.0.0.Q10.10E.NN.AL.WP,25Q2-Q3,15.32202
Chart_1,SAFE.H.U2.ALL.A.0.0.0.Q10.10F.NN.AL.WP,25Q2-Q3,18.478857
Chart_1,SAFE.H.U2.LAR.A.0.0.0.Q10.10A.NN.AL.WP,25Q2-Q3,5.317557
Chart_1,SAFE.H.U2.LAR.A.0.0.0.Q10.10B.NN.AL.WP,25Q2-Q3,18.822563
Chart_1,SAFE.H.U2.LAR.A.0.0.0.Q10.10C.NN.AL.WP,25Q2-Q3,7.683191
Chart_1,SAFE.H.U2.LAR.A.0.0.0.Q10.10D.NN.AL.WP,25Q2-Q3,5.052227
Chart_1,SAFE.H.U2.LAR.A.0.0.0.Q10.10E.NN.AL.WP,25Q2-Q3,16.125363
Chart_1,SAFE.H.U2.LAR.A.0.0.0.Q10.10F.NN.AL.WP,25Q2-Q3,18.585909
Chart_1,SAFE.H.U2.SME.A.0.0.0.Q10.10A.NN.AL.WP,25Q2-Q3,4.859809
Chart_1,SAFE.H.U2.SME.A.0.0.0.Q10.10B.NN.AL.WP,25Q2-Q3,27.366368
Chart_1,SAFE.H.U2.SME.A.0.0.0.Q10.10C.NN.AL.WP,25Q2-Q3,7.261915
Chart_1,SAFE.H.U2.SME.A.0.0.0.Q10.10D.NN.AL.WP,25Q2-Q3,4.147251
Chart_1,SAFE.H.U2.SME.A.0.0.0.Q10.10E.NN.AL.WP,25Q2-Q3,14.47206
Chart_1,SAFE.H.U2.SME.A.0.0.0.Q10.10F.NN.AL.WP,25Q2-Q3,18.365593
Chart_1,SAFE.H.U2.ALL.A.0.0.0.Q10.10A.NN.AL.WP,25Q4-Q1,24.993432
Chart_1,SAFE.H.U2.ALL.A.0.0.0.Q10.10B.NN.AL.WP,25Q4-Q1,35.034425
Chart_1,SAFE.H.U2.ALL.A.0.0.0.Q10.10C.NN.AL.WP,25Q4-Q1,11.072102
Chart_1,SAFE.H.U2.ALL.A.0.0.0.Q10.10D.NN.AL.WP,25Q4-Q1,2.799339
Chart_1,SAFE.H.U2.ALL.A.0.0.0.Q10.10E.NN.AL.WP,25Q4-Q1,12.933972
Chart_1,SAFE.H.U2.ALL.A.0.0.0.Q10.10F.NN.AL.WP,25Q4-Q1,17.367897
Chart_1,SAFE.H.U2.LAR.A.0.0.0.Q10.10A.NN.AL.WP,25Q4-Q1,22.034365
Chart_1,SAFE.H.U2.LAR.A.0.0.0.Q10.10B.NN.AL.WP,25Q4-Q1,32.426533
Chart_1,SAFE.H.U2.LAR.A.0.0.0.Q10.10C.NN.AL.WP,25Q4-Q1,17.326887
Chart_1,SAFE.H.U2.LAR.A.0.0.0.Q10.10D.NN.AL.WP,25Q4-Q1,5.959056
Chart_1,SAFE.H.U2.LAR.A.0.0.0.Q10.10E.NN.AL.WP,25Q4-Q1,9.172023
Chart_1,SAFE.H.U2.LAR.A.0.0.0.Q10.10F.NN.AL.WP,25Q4-Q1,13.850336
Chart_1,SAFE.H.U2.SME.A.0.0.0.Q10.10A.NN.AL.WP,25Q4-Q1,27.864548
Chart_1,SAFE.H.U2.SME.A.0.0.0.Q10.10B.NN.AL.WP,25Q4-Q1,37.564804
Chart_1,SAFE.H.U2.SME.A.0.0.0.Q10.10C.NN.AL.WP,25Q4-Q1,5.003225
Chart_1,SAFE.H.U2.SME.A.0.0.0.Q10.10D.NN.AL.WP,25Q4-Q1,-0.266464
Chart_1,SAFE.H.U2.SME.A.0.0.0.Q10.10E.NN.AL.WP,25Q4-Q1,16.584108
Chart_1,SAFE.H.U2.SME.A.0.0.0.Q10.10F.NN.AL.WP,25Q4-Q1,20.780908
Chart_1,SAFE.H.U2.ALL.A.0.0.0.Q10.10A.NN.AL.WP,24Q2,31.0480464378606
Chart_1,SAFE.H.U2.ALL.A.0.0.0.Q10.10B.NN.AL.WP,24Q2,28.2278060425048
Chart_1,SAFE.H.U2.ALL.A.0.0.0.Q10.10C.NN.AL.WP,24Q2,10.1908012897919
Chart_1,SAFE.H.U2.ALL.A.0.0.0.Q10.10D.NN.AL.WP,24Q2,4.08920198537567
Chart_1,SAFE.H.U2.ALL.A.0.0.0.Q10.10E.NN.AL.WP,24Q2,10.8129964591758
Chart_1,SAFE.H.U2.ALL.A.0.0.0.Q10.10F.NN.AL.WP,24Q2,24.2457427731251
Chart_1,SAFE.H.U2.LAR.A.0.0.0.Q10.10A.NN.AL.WP,24Q2,25.4198787576283
Chart_1,SAFE.H.U2.LAR.A.0.0.0.Q10.10B.NN.AL.WP,24Q2,20.7597015480713
Chart_1,SAFE.H.U2.LAR.A.0.0.0.Q10.10C.NN.AL.WP,24Q2,6.91083780004795
Chart_1,SAFE.H.U2.LAR.A.0.0.0.Q10.10D.NN.AL.WP,24Q2,4.0650629049274
Chart_1,SAFE.H.U2.LAR.A.0.0.0.Q10.10E.NN.AL.WP,24Q2,8.13818820901997
Chart_1,SAFE.H.U2.LAR.A.0.0.0.Q10.10F.NN.AL.WP,24Q2,26.3975614318746
Chart_1,SAFE.H.U2.SME.A.0.0.0.Q10.10A.NN.AL.WP,24Q2,37.5370101372505
Chart_1,SAFE.H.U2.SME.A.0.0.0.Q10.10B.NN.AL.WP,24Q2,36.8381143561386
Chart_1,SAFE.H.U2.SME.A.0.0.0.Q10.10C.NN.AL.WP,24Q2,13.9724164138449
Chart_1,SAFE.H.U2.SME.A.0.0.0.Q10.10D.NN.AL.WP,24Q2,4.11703299995534
Chart_1,SAFE.H.U2.SME.A.0.0.0.Q10.10E.NN.AL.WP,24Q2,13.896901314934
Chart_1,SAFE.H.U2.SME.A.0.0.0.Q10.10F.NN.AL.WP,24Q2,21.7648157720802
Chart_1,SAFE.H.U2.ALL.A.0.0.0.Q10.10A.NN.AL.WP,24Q3,3.84472
Chart_1,SAFE.H.U2.ALL.A.0.0.0.Q10.10B.NN.AL.WP,24Q3,29.628738
Chart_1,SAFE.H.U2.ALL.A.0.0.0.Q10.10C.NN.AL.WP,24Q3,10.11174
Chart_1,SAFE.H.U2.ALL.A.0.0.0.Q10.10D.NN.AL.WP,24Q3,3.239413
Chart_1,SAFE.H.U2.ALL.A.0.0.0.Q10.10E.NN.AL.WP,24Q3,13.819116
Chart_1,SAFE.H.U2.ALL.A.0.0.0.Q10.10F.NN.AL.WP,24Q3,18.785908
Chart_1,SAFE.H.U2.LAR.A.0.0.0.Q10.10A.NN.AL.WP,24Q3,-7.168177
Chart_1,SAFE.H.U2.LAR.A.0.0.0.Q10.10B.NN.AL.WP,24Q3,25.816748
Chart_1,SAFE.H.U2.LAR.A.0.0.0.Q10.10C.NN.AL.WP,24Q3,9.309672
Chart_1,SAFE.H.U2.LAR.A.0.0.0.Q10.10D.NN.AL.WP,24Q3,3.273229
Chart_1,SAFE.H.U2.LAR.A.0.0.0.Q10.10E.NN.AL.WP,24Q3,11.842913
Chart_1,SAFE.H.U2.LAR.A.0.0.0.Q10.10F.NN.AL.WP,24Q3,17.977471
Chart_1,SAFE.H.U2.SME.A.0.0.0.Q10.10A.NN.AL.WP,24Q3,15.858491
Chart_1,SAFE.H.U2.SME.A.0.0.0.Q10.10B.NN.AL.WP,24Q3,33.787167
Chart_1,SAFE.H.U2.SME.A.0.0.0.Q10.10C.NN.AL.WP,24Q3,10.986701
Chart_1,SAFE.H.U2.SME.A.0.0.0.Q10.10D.NN.AL.WP,24Q3,3.202524
Chart_1,SAFE.H.U2.SME.A.0.0.0.Q10.10E.NN.AL.WP,24Q3,15.974919
Chart_1,SAFE.H.U2.SME.A.0.0.0.Q10.10F.NN.AL.WP,24Q3,19.667817
Chart_1,SAFE.H.U2.ALL.A.0.0.0.Q10.10A.NN.AL.WP,24Q4,-3.893284
Chart_1,SAFE.H.U2.ALL.A.0.0.0.Q10.10B.NN.AL.WP,24Q4,21.606678
Chart_1,SAFE.H.U2.ALL.A.0.0.0.Q10.10C.NN.AL.WP,24Q4,8.265634
Chart_1,SAFE.H.U2.ALL.A.0.0.0.Q10.10D.NN.AL.WP,24Q4,2.431525
Chart_1,SAFE.H.U2.ALL.A.0.0.0.Q10.10E.NN.AL.WP,24Q4,15.313489
Chart_1,SAFE.H.U2.ALL.A.0.0.0.Q10.10F.NN.AL.WP,24Q4,18.137357
Chart_1,SAFE.H.U2.LAR.A.0.0.0.Q10.10A.NN.AL.WP,24Q4,-6.832002
Chart_1,SAFE.H.U2.LAR.A.0.0.0.Q10.10B.NN.AL.WP,24Q4,21.044306
Chart_1,SAFE.H.U2.LAR.A.0.0.0.Q10.10C.NN.AL.WP,24Q4,9.166676
Chart_1,SAFE.H.U2.LAR.A.0.0.0.Q10.10D.NN.AL.WP,24Q4,3.005686
Chart_1,SAFE.H.U2.LAR.A.0.0.0.Q10.10E.NN.AL.WP,24Q4,18.33415
Chart_1,SAFE.H.U2.LAR.A.0.0.0.Q10.10F.NN.AL.WP,24Q4,20.203621
Chart_1,SAFE.H.U2.SME.A.0.0.0.Q10.10A.NN.AL.WP,24Q4,-1.123656
Chart_1,SAFE.H.U2.SME.A.0.0.0.Q10.10B.NN.AL.WP,24Q4,22.136692
Chart_1,SAFE.H.U2.SME.A.0.0.0.Q10.10C.NN.AL.WP,24Q4,7.416437
Chart_1,SAFE.H.U2.SME.A.0.0.0.Q10.10D.NN.AL.WP,24Q4,1.8904
Chart_1,SAFE.H.U2.SME.A.0.0.0.Q10.10E.NN.AL.WP,24Q4,12.466632
Chart_1,SAFE.H.U2.SME.A.0.0.0.Q10.10F.NN.AL.WP,24Q4,16.189982
Chart_1,SAFE.H.U2.ALL.A.0.0.0.Q10.10A.NN.AL.WP,25Q1,-11.76719
Chart_1,SAFE.H.U2.ALL.A.0.0.0.Q10.10B.NN.AL.WP,25Q1,23.51571
Chart_1,SAFE.H.U2.ALL.A.0.0.0.Q10.10C.NN.AL.WP,25Q1,7.790798
Chart_1,SAFE.H.U2.ALL.A.0.0.0.Q10.10D.NN.AL.WP,25Q1,4.486218
Chart_1,SAFE.H.U2.ALL.A.0.0.0.Q10.10E.NN.AL.WP,25Q1,12.775062
Chart_1,SAFE.H.U2.ALL.A.0.0.0.Q10.10F.NN.AL.WP,25Q1,17.290205
Chart_1,SAFE.H.U2.LAR.A.0.0.0.Q10.10A.NN.AL.WP,25Q1,-25.634817
Chart_1,SAFE.H.U2.LAR.A.0.0.0.Q10.10B.NN.AL.WP,25Q1,17.555384
Chart_1,SAFE.H.U2.LAR.A.0.0.0.Q10.10C.NN.AL.WP,25Q1,10.789643
Chart_1,SAFE.H.U2.LAR.A.0.0.0.Q10.10D.NN.AL.WP,25Q1,7.835137
Chart_1,SAFE.H.U2.LAR.A.0.0.0.Q10.10E.NN.AL.WP,25Q1,9.722085
Chart_1,SAFE.H.U2.LAR.A.0.0.0.Q10.10F.NN.AL.WP,25Q1,16.717832
Chart_1,SAFE.H.U2.SME.A.0.0.0.Q10.10A.NN.AL.WP,25Q1,-0.735097
Chart_1,SAFE.H.U2.SME.A.0.0.0.Q10.10B.NN.AL.WP,25Q1,28.25732
Chart_1,SAFE.H.U2.SME.A.0.0.0.Q10.10C.NN.AL.WP,25Q1,5.405132
Chart_1,SAFE.H.U2.SME.A.0.0.0.Q10.10D.NN.AL.WP,25Q1,1.822058
Chart_1,SAFE.H.U2.SME.A.0.0.0.Q10.10E.NN.AL.WP,25Q1,15.203791
Chart_1,SAFE.H.U2.SME.A.0.0.0.Q10.10F.NN.AL.WP,25Q1,17.745545
Chart_1,SAFE.H.U2.ALL.A.0.0.0.Q10.10A.NN.AL.WP,25Q2,-13.972943
Chart_1,SAFE.H.U2.ALL.A.0.0.0.Q10.10B.NN.AL.WP,25Q2,16.322724
Chart_1,SAFE.H.U2.ALL.A.0.0.0.Q10.10C.NN.AL.WP,25Q2,8.897498
Chart_1,SAFE.H.U2.ALL.A.0.0.0.Q10.10D.NN.AL.WP,25Q2,4.274289
Chart_1,SAFE.H.U2.ALL.A.0.0.0.Q10.10E.NN.AL.WP,25Q2,10.564354
Chart_1,SAFE.H.U2.ALL.A.0.0.0.Q10.10F.NN.AL.WP,25Q2,12.461031
Chart_1,SAFE.H.U2.LAR.A.0.0.0.Q10.10A.NN.AL.WP,25Q2,-31.422023
Chart_1,SAFE.H.U2.LAR.A.0.0.0.Q10.10B.NN.AL.WP,25Q2,7.563706
Chart_1,SAFE.H.U2.LAR.A.0.0.0.Q10.10C.NN.AL.WP,25Q2,8.103507
Chart_1,SAFE.H.U2.LAR.A.0.0.0.Q10.10D.NN.AL.WP,25Q2,5.236422
Chart_1,SAFE.H.U2.LAR.A.0.0.0.Q10.10E.NN.AL.WP,25Q2,8.677008
Chart_1,SAFE.H.U2.LAR.A.0.0.0.Q10.10F.NN.AL.WP,25Q2,10.022887
Chart_1,SAFE.H.U2.SME.A.0.0.0.Q10.10A.NN.AL.WP,25Q2,1.9558
Chart_1,SAFE.H.U2.SME.A.0.0.0.Q10.10B.NN.AL.WP,25Q2,24.31857
Chart_1,SAFE.H.U2.SME.A.0.0.0.Q10.10C.NN.AL.WP,25Q2,9.622309
Chart_1,SAFE.H.U2.SME.A.0.0.0.Q10.10D.NN.AL.WP,25Q2,3.395987
Chart_1,SAFE.H.U2.SME.A.0.0.0.Q10.10E.NN.AL.WP,25Q2,12.287256
Chart_1,SAFE.H.U2.SME.A.0.0.0.Q10.10F.NN.AL.WP,25Q2,14.68674
Chart_1,SAFE.H.U2.ALL.A.0.0.0.Q10.10A.NN.AL.WP,25Q3,1.862707
Chart_1,SAFE.H.U2.ALL.A.0.0.0.Q10.10B.NN.AL.WP,25Q3,23.403784
Chart_1,SAFE.H.U2.ALL.A.0.0.0.Q10.10C.NN.AL.WP,25Q3,3.667136
Chart_1,SAFE.H.U2.ALL.A.0.0.0.Q10.10D.NN.AL.WP,25Q3,8.42981
Chart_1,SAFE.H.U2.ALL.A.0.0.0.Q10.10E.NN.AL.WP,25Q3,15.596013
Chart_1,SAFE.H.U2.ALL.A.0.0.0.Q10.10F.NN.AL.WP,25Q3,14.354936
Chart_1,SAFE.H.U2.LAR.A.0.0.0.Q10.10A.NN.AL.WP,25Q3,-2.809644
Chart_1,SAFE.H.U2.LAR.A.0.0.0.Q10.10B.NN.AL.WP,25Q3,18.967874
Chart_1,SAFE.H.U2.LAR.A.0.0.0.Q10.10C.NN.AL.WP,25Q3,2.01729
Chart_1,SAFE.H.U2.LAR.A.0.0.0.Q10.10D.NN.AL.WP,25Q3,16.756394
Chart_1,SAFE.H.U2.LAR.A.0.0.0.Q10.10E.NN.AL.WP,25Q3,20.651046
Chart_1,SAFE.H.U2.LAR.A.0.0.0.Q10.10F.NN.AL.WP,25Q3,13.540307
Chart_1,SAFE.H.U2.SME.A.0.0.0.Q10.10A.NN.AL.WP,25Q3,5.484044
Chart_1,SAFE.H.U2.SME.A.0.0.0.Q10.10B.NN.AL.WP,25Q3,26.841865
Chart_1,SAFE.H.U2.SME.A.0.0.0.Q10.10C.NN.AL.WP,25Q3,4.94586
Chart_1,SAFE.H.U2.SME.A.0.0.0.Q10.10D.NN.AL.WP,25Q3,1.976237
Chart_1,SAFE.H.U2.SME.A.0.0.0.Q10.10E.NN.AL.WP,25Q3,11.678077
Chart_1,SAFE.H.U2.SME.A.0.0.0.Q10.10F.NN.AL.WP,25Q3,14.986319
Chart_1,SAFE.H.U2.ALL.A.0.0.0.Q10.10A.NN.AL.WP,25Q4,12.438455
Chart_1,SAFE.H.U2.ALL.A.0.0.0.Q10.10B.NN.AL.WP,25Q4,28.283608
Chart_1,SAFE.H.U2.ALL.A.0.0.0.Q10.10C.NN.AL.WP,25Q4,4.557749
Chart_1,SAFE.H.U2.ALL.A.0.0.0.Q10.10D.NN.AL.WP,25Q4,1.044064
Chart_1,SAFE.H.U2.ALL.A.0.0.0.Q10.10E.NN.AL.WP,25Q4,14.089195
Chart_1,SAFE.H.U2.ALL.A.0.0.0.Q10.10F.NN.AL.WP,25Q4,21.586095
Chart_1,SAFE.H.U2.LAR.A.0.0.0.Q10.10A.NN.AL.WP,25Q4,11.785376
Chart_1,SAFE.H.U2.LAR.A.0.0.0.Q10.10B.NN.AL.WP,25Q4,28.425215
Chart_1,SAFE.H.U2.LAR.A.0.0.0.Q10.10C.NN.AL.WP,25Q4,8.541203
Chart_1,SAFE.H.U2.LAR.A.0.0.0.Q10.10D.NN.AL.WP,25Q4,4.060987
Chart_1,SAFE.H.U2.LAR.A.0.0.0.Q10.10E.NN.AL.WP,25Q4,11.212766
Chart_1,SAFE.H.U2.LAR.A.0.0.0.Q10.10F.NN.AL.WP,25Q4,24.048039
Chart_1,SAFE.H.U2.SME.A.0.0.0.Q10.10A.NN.AL.WP,25Q4,13.056702
Chart_1,SAFE.H.U2.SME.A.0.0.0.Q10.10B.NN.AL.WP,25Q4,28.149554
Chart_1,SAFE.H.U2.SME.A.0.0.0.Q10.10C.NN.AL.WP,25Q4,0.786752
Chart_1,SAFE.H.U2.SME.A.0.0.0.Q10.10D.NN.AL.WP,25Q4,-1.81195
Chart_1,SAFE.H.U2.SME.A.0.0.0.Q10.10E.NN.AL.WP,25Q4,16.812209
Chart_1,SAFE.H.U2.SME.A.0.0.0.Q10.10F.NN.AL.WP,25Q4,19.255459
Chart_1,SAFE.H.U2.ALL.A.0.0.0.Q10.10A.NN.AL.WP,26Q1,26.178834
Chart_1,SAFE.H.U2.ALL.A.0.0.0.Q10.10B.NN.AL.WP,26Q1,37.087352
Chart_1,SAFE.H.U2.ALL.A.0.0.0.Q10.10C.NN.AL.WP,26Q1,8.949557
Chart_1,SAFE.H.U2.ALL.A.0.0.0.Q10.10D.NN.AL.WP,26Q1,3.122506
Chart_1,SAFE.H.U2.ALL.A.0.0.0.Q10.10E.NN.AL.WP,26Q1,14.393512
Chart_1,SAFE.H.U2.ALL.A.0.0.0.Q10.10F.NN.AL.WP,26Q1,18.55238
Chart_1,SAFE.H.U2.LAR.A.0.0.0.Q10.10A.NN.AL.WP,26Q1,28.827649
Chart_1,SAFE.H.U2.LAR.A.0.0.0.Q10.10B.NN.AL.WP,26Q1,37.889857
Chart_1,SAFE.H.U2.LAR.A.0.0.0.Q10.10C.NN.AL.WP,26Q1,8.863704
Chart_1,SAFE.H.U2.LAR.A.0.0.0.Q10.10D.NN.AL.WP,26Q1,3.051403
Chart_1,SAFE.H.U2.LAR.A.0.0.0.Q10.10E.NN.AL.WP,26Q1,14.956494
Chart_1,SAFE.H.U2.LAR.A.0.0.0.Q10.10F.NN.AL.WP,26Q1,21.658554
Chart_1,SAFE.H.U2.SME.A.0.0.0.Q10.10A.NN.AL.WP,26Q1,23.584423
Chart_1,SAFE.H.U2.SME.A.0.0.0.Q10.10B.NN.AL.WP,26Q1,36.301331
Chart_1,SAFE.H.U2.SME.A.0.0.0.Q10.10C.NN.AL.WP,26Q1,9.033647
Chart_1,SAFE.H.U2.SME.A.0.0.0.Q10.10D.NN.AL.WP,26Q1,3.192149
Chart_1,SAFE.H.U2.SME.A.0.0.0.Q10.10E.NN.AL.WP,26Q1,13.842093
Chart_1,SAFE.H.U2.SME.A.0.0.0.Q10.10F.NN.AL.WP,26Q1,15.510004
Chart_1,SAFE.Q.U2.ALL.A.0.0.0.Q10_G1.10A.NN.AL.WP,24Q2,31.0480464378606
Chart_1,SAFE.Q.U2.ALL.A.0.0.0.Q10_G1.10B.NN.AL.WP,24Q2,28.2278060425048
Chart_1,SAFE.Q.U2.ALL.A.0.0.0.Q10_G1.10C.NN.AL.WP,24Q2,10.1908012897919
Chart_1,SAFE.Q.U2.ALL.A.0.0.0.Q10_G1.10D.NN.AL.WP,24Q2,4.08920198537567
Chart_1,SAFE.Q.U2.ALL.A.0.0.0.Q10_G1.10E.NN.AL.WP,24Q2,10.8129964591758
Chart_1,SAFE.Q.U2.ALL.A.0.0.0.Q10_G1.10F.NN.AL.WP,24Q2,24.2457427731251
Chart_1,SAFE.Q.U2.LAR.A.0.0.0.Q10_G1.10A.NN.AL.WP,24Q2,25.4198787576283
Chart_1,SAFE.Q.U2.LAR.A.0.0.0.Q10_G1.10B.NN.AL.WP,24Q2,20.7597015480713
Chart_1,SAFE.Q.U2.LAR.A.0.0.0.Q10_G1.10C.NN.AL.WP,24Q2,6.91083780004795
Chart_1,SAFE.Q.U2.LAR.A.0.0.0.Q10_G1.10D.NN.AL.WP,24Q2,4.0650629049274
Chart_1,SAFE.Q.U2.LAR.A.0.0.0.Q10_G1.10E.NN.AL.WP,24Q2,8.13818820901997
Chart_1,SAFE.Q.U2.LAR.A.0.0.0.Q10_G1.10F.NN.AL.WP,24Q2,26.3975614318746
Chart_1,SAFE.Q.U2.SME.A.0.0.0.Q10_G1.10A.NN.AL.WP,24Q2,37.5370101372505
Chart_1,SAFE.Q.U2.SME.A.0.0.0.Q10_G1.10B.NN.AL.WP,24Q2,36.8381143561386
Chart_1,SAFE.Q.U2.SME.A.0.0.0.Q10_G1.10C.NN.AL.WP,24Q2,13.9724164138449
Chart_1,SAFE.Q.U2.SME.A.0.0.0.Q10_G1.10D.NN.AL.WP,24Q2,4.11703299995534
Chart_1,SAFE.Q.U2.SME.A.0.0.0.Q10_G1.10E.NN.AL.WP,24Q2,13.896901314934
Chart_1,SAFE.Q.U2.SME.A.0.0.0.Q10_G1.10F.NN.AL.WP,24Q2,21.7648157720802
Chart_1,SAFE.Q.U2.ALL.A.0.0.0.Q10_G1.10A.NN.AL.WP,24Q3,3.84472
Chart_1,SAFE.Q.U2.ALL.A.0.0.0.Q10_G1.10B.NN.AL.WP,24Q3,29.628738
Chart_1,SAFE.Q.U2.ALL.A.0.0.0.Q10_G1.10C.NN.AL.WP,24Q3,10.11174
Chart_1,SAFE.Q.U2.ALL.A.0.0.0.Q10_G1.10D.NN.AL.WP,24Q3,3.239413
Chart_1,SAFE.Q.U2.ALL.A.0.0.0.Q10_G1.10E.NN.AL.WP,24Q3,13.819116
Chart_1,SAFE.Q.U2.ALL.A.0.0.0.Q10_G1.10F.NN.AL.WP,24Q3,18.785908
Chart_1,SAFE.Q.U2.LAR.A.0.0.0.Q10_G1.10A.NN.AL.WP,24Q3,-7.168177
Chart_1,SAFE.Q.U2.LAR.A.0.0.0.Q10_G1.10B.NN.AL.WP,24Q3,25.816748
Chart_1,SAFE.Q.U2.LAR.A.0.0.0.Q10_G1.10C.NN.AL.WP,24Q3,9.309672
Chart_1,SAFE.Q.U2.LAR.A.0.0.0.Q10_G1.10D.NN.AL.WP,24Q3,3.273229
Chart_1,SAFE.Q.U2.LAR.A.0.0.0.Q10_G1.10E.NN.AL.WP,24Q3,11.842913
Chart_1,SAFE.Q.U2.LAR.A.0.0.0.Q10_G1.10F.NN.AL.WP,24Q3,17.977471
Chart_1,SAFE.Q.U2.SME.A.0.0.0.Q10_G1.10A.NN.AL.WP,24Q3,15.858491
Chart_1,SAFE.Q.U2.SME.A.0.0.0.Q10_G1.10B.NN.AL.WP,24Q3,33.787167
Chart_1,SAFE.Q.U2.SME.A.0.0.0.Q10_G1.10C.NN.AL.WP,24Q3,10.986701
Chart_1,SAFE.Q.U2.SME.A.0.0.0.Q10_G1.10D.NN.AL.WP,24Q3,3.202524
Chart_1,SAFE.Q.U2.SME.A.0.0.0.Q10_G1.10E.NN.AL.WP,24Q3,15.974919
Chart_1,SAFE.Q.U2.SME.A.0.0.0.Q10_G1.10F.NN.AL.WP,24Q3,19.667817
Chart_1,SAFE.Q.U2.ALL.A.0.0.0.Q10_G1.10A.NN.AL.WP,24Q4,-3.893284
Chart_1,SAFE.Q.U2.ALL.A.0.0.0.Q10_G1.10B.NN.AL.WP,24Q4,21.606678
Chart_1,SAFE.Q.U2.ALL.A.0.0.0.Q10_G1.10C.NN.AL.WP,24Q4,8.265634
Chart_1,SAFE.Q.U2.ALL.A.0.0.0.Q10_G1.10D.NN.AL.WP,24Q4,2.431525
Chart_1,SAFE.Q.U2.ALL.A.0.0.0.Q10_G1.10E.NN.AL.WP,24Q4,15.313489
Chart_1,SAFE.Q.U2.ALL.A.0.0.0.Q10_G1.10F.NN.AL.WP,24Q4,18.137357
Chart_1,SAFE.Q.U2.LAR.A.0.0.0.Q10_G1.10A.NN.AL.WP,24Q4,-6.832002
Chart_1,SAFE.Q.U2.LAR.A.0.0.0.Q10_G1.10B.NN.AL.WP,24Q4,21.044306
Chart_1,SAFE.Q.U2.LAR.A.0.0.0.Q10_G1.10C.NN.AL.WP,24Q4,9.166676
Chart_1,SAFE.Q.U2.LAR.A.0.0.0.Q10_G1.10D.NN.AL.WP,24Q4,3.005686
Chart_1,SAFE.Q.U2.LAR.A.0.0.0.Q10_G1.10E.NN.AL.WP,24Q4,18.33415
Chart_1,SAFE.Q.U2.LAR.A.0.0.0.Q10_G1.10F.NN.AL.WP,24Q4,20.203621
Chart_1,SAFE.Q.U2.SME.A.0.0.0.Q10_G1.10A.NN.AL.WP,24Q4,-1.123656
Chart_1,SAFE.Q.U2.SME.A.0.0.0.Q10_G1.10B.NN.AL.WP,24Q4,22.136692
Chart_1,SAFE.Q.U2.SME.A.0.0.0.Q10_G1.10C.NN.AL.WP,24Q4,7.416437
Chart_1,SAFE.Q.U2.SME.A.0.0.0.Q10_G1.10D.NN.AL.WP,24Q4,1.8904
Chart_1,SAFE.Q.U2.SME.A.0.0.0.Q10_G1.10E.NN.AL.WP,24Q4,12.466632
Chart_1,SAFE.Q.U2.SME.A.0.0.0.Q10_G1.10F.NN.AL.WP,24Q4,16.189982
Chart_1,SAFE.Q.U2.ALL.A.0.0.0.Q10_G1.10A.NN.AL.WP,25Q1,-11.76719
Chart_1,SAFE.Q.U2.ALL.A.0.0.0.Q10_G1.10B.NN.AL.WP,25Q1,23.51571
Chart_1,SAFE.Q.U2.ALL.A.0.0.0.Q10_G1.10C.NN.AL.WP,25Q1,7.790798
Chart_1,SAFE.Q.U2.ALL.A.0.0.0.Q10_G1.10D.NN.AL.WP,25Q1,4.486218
Chart_1,SAFE.Q.U2.ALL.A.0.0.0.Q10_G1.10E.NN.AL.WP,25Q1,12.775062
Chart_1,SAFE.Q.U2.ALL.A.0.0.0.Q10_G1.10F.NN.AL.WP,25Q1,17.290205
Chart_1,SAFE.Q.U2.LAR.A.0.0.0.Q10_G1.10A.NN.AL.WP,25Q1,-25.634817
Chart_1,SAFE.Q.U2.LAR.A.0.0.0.Q10_G1.10B.NN.AL.WP,25Q1,17.555384
Chart_1,SAFE.Q.U2.LAR.A.0.0.0.Q10_G1.10C.NN.AL.WP,25Q1,10.789643
Chart_1,SAFE.Q.U2.LAR.A.0.0.0.Q10_G1.10D.NN.AL.WP,25Q1,7.835137
Chart_1,SAFE.Q.U2.LAR.A.0.0.0.Q10_G1.10E.NN.AL.WP,25Q1,9.722085
Chart_1,SAFE.Q.U2.LAR.A.0.0.0.Q10_G1.10F.NN.AL.WP,25Q1,16.717832
Chart_1,SAFE.Q.U2.SME.A.0.0.0.Q10_G1.10A.NN.AL.WP,25Q1,-0.735097
Chart_1,SAFE.Q.U2.SME.A.0.0.0.Q10_G1.10B.NN.AL.WP,25Q1,28.25732
Chart_1,SAFE.Q.U2.SME.A.0.0.0.Q10_G1.10C.NN.AL.WP,25Q1,5.405132
Chart_1,SAFE.Q.U2.SME.A.0.0.0.Q10_G1.10D.NN.AL.WP,25Q1,1.822058
Chart_1,SAFE.Q.U2.SME.A.0.0.0.Q10_G1.10E.NN.AL.WP,25Q1,15.203791
Chart_1,SAFE.Q.U2.SME.A.0.0.0.Q10_G1.10F.NN.AL.WP,25Q1,17.745545
Chart_1,SAFE.Q.U2.ALL.A.0.0.0.Q10_G1.10A.NN.AL.WP,25Q2,-13.972943
Chart_1,SAFE.Q.U2.ALL.A.0.0.0.Q10_G1.10B.NN.AL.WP,25Q2,16.322724
Chart_1,SAFE.Q.U2.ALL.A.0.0.0.Q10_G1.10C.NN.AL.WP,25Q2,8.897498
Chart_1,SAFE.Q.U2.ALL.A.0.0.0.Q10_G1.10D.NN.AL.WP,25Q2,4.274289
Chart_1,SAFE.Q.U2.ALL.A.0.0.0.Q10_G1.10E.NN.AL.WP,25Q2,10.564354
Chart_1,SAFE.Q.U2.ALL.A.0.0.0.Q10_G1.10F.NN.AL.WP,25Q2,12.461031
Chart_1,SAFE.Q.U2.LAR.A.0.0.0.Q10_G1.10A.NN.AL.WP,25Q2,-31.422023
Chart_1,SAFE.Q.U2.LAR.A.0.0.0.Q10_G1.10B.NN.AL.WP,25Q2,7.563706
Chart_1,SAFE.Q.U2.LAR.A.0.0.0.Q10_G1.10C.NN.AL.WP,25Q2,8.103507
Chart_1,SAFE.Q.U2.LAR.A.0.0.0.Q10_G1.10D.NN.AL.WP,25Q2,5.236422
Chart_1,SAFE.Q.U2.LAR.A.0.0.0.Q10_G1.10E.NN.AL.WP,25Q2,8.677008
Chart_1,SAFE.Q.U2.LAR.A.0.0.0.Q10_G1.10F.NN.AL.WP,25Q2,10.022887
Chart_1,SAFE.Q.U2.SME.A.0.0.0.Q10_G1.10A.NN.AL.WP,25Q2,1.9558
Chart_1,SAFE.Q.U2.SME.A.0.0.0.Q10_G1.10B.NN.AL.WP,25Q2,24.31857
Chart_1,SAFE.Q.U2.SME.A.0.0.0.Q10_G1.10C.NN.AL.WP,25Q2,9.622309
Chart_1,SAFE.Q.U2.SME.A.0.0.0.Q10_G1.10D.NN.AL.WP,25Q2,3.395987
Chart_1,SAFE.Q.U2.SME.A.0.0.0.Q10_G1.10E.NN.AL.WP,25Q2,12.287256
Chart_1,SAFE.Q.U2.SME.A.0.0.0.Q10_G1.10F.NN.AL.WP,25Q2,14.68674
Chart_1,SAFE.Q.U2.ALL.A.0.0.0.Q10_G1.10A.NN.AL.WP,25Q3,1.862707
Chart_1,SAFE.Q.U2.ALL.A.0.0.0.Q10_G1.10B.NN.AL.WP,25Q3,23.403784
Chart_1,SAFE.Q.U2.ALL.A.0.0.0.Q10_G1.10C.NN.AL.WP,25Q3,3.667136
Chart_1,SAFE.Q.U2.ALL.A.0.0.0.Q10_G1.10D.NN.AL.WP,25Q3,8.42981
Chart_1,SAFE.Q.U2.ALL.A.0.0.0.Q10_G1.10E.NN.AL.WP,25Q3,15.596013
Chart_1,SAFE.Q.U2.ALL.A.0.0.0.Q10_G1.10F.NN.AL.WP,25Q3,14.354936
Chart_1,SAFE.Q.U2.LAR.A.0.0.0.Q10_G1.10A.NN.AL.WP,25Q3,-2.809644
Chart_1,SAFE.Q.U2.LAR.A.0.0.0.Q10_G1.10B.NN.AL.WP,25Q3,18.967874
Chart_1,SAFE.Q.U2.LAR.A.0.0.0.Q10_G1.10C.NN.AL.WP,25Q3,2.01729
Chart_1,SAFE.Q.U2.LAR.A.0.0.0.Q10_G1.10D.NN.AL.WP,25Q3,16.756394
Chart_1,SAFE.Q.U2.LAR.A.0.0.0.Q10_G1.10E.NN.AL.WP,25Q3,20.651046
Chart_1,SAFE.Q.U2.LAR.A.0.0.0.Q10_G1.10F.NN.AL.WP,25Q3,13.540307
Chart_1,SAFE.Q.U2.SME.A.0.0.0.Q10_G1.10A.NN.AL.WP,25Q3,5.484044
Chart_1,SAFE.Q.U2.SME.A.0.0.0.Q10_G1.10B.NN.AL.WP,25Q3,26.841865
Chart_1,SAFE.Q.U2.SME.A.0.0.0.Q10_G1.10C.NN.AL.WP,25Q3,4.94586
Chart_1,SAFE.Q.U2.SME.A.0.0.0.Q10_G1.10D.NN.AL.WP,25Q3,1.976237
Chart_1,SAFE.Q.U2.SME.A.0.0.0.Q10_G1.10E.NN.AL.WP,25Q3,11.678077
Chart_1,SAFE.Q.U2.SME.A.0.0.0.Q10_G1.10F.NN.AL.WP,25Q3,14.986319
Chart_1,SAFE.Q.U2.ALL.A.0.0.0.Q10_G1.10A.NN.AL.WP,25Q4,12.438455
Chart_1,SAFE.Q.U2.ALL.A.0.0.0.Q10_G1.10B.NN.AL.WP,25Q4,28.283608
Chart_1,SAFE.Q.U2.ALL.A.0.0.0.Q10_G1.10C.NN.AL.WP,25Q4,4.557749
Chart_1,SAFE.Q.U2.ALL.A.0.0.0.Q10_G1.10D.NN.AL.WP,25Q4,1.044064
Chart_1,SAFE.Q.U2.ALL.A.0.0.0.Q10_G1.10E.NN.AL.WP,25Q4,14.089195
Chart_1,SAFE.Q.U2.ALL.A.0.0.0.Q10_G1.10F.NN.AL.WP,25Q4,21.586095
Chart_1,SAFE.Q.U2.LAR.A.0.0.0.Q10_G1.10A.NN.AL.WP,25Q4,11.785376
Chart_1,SAFE.Q.U2.LAR.A.0.0.0.Q10_G1.10B.NN.AL.WP,25Q4,28.425215
Chart_1,SAFE.Q.U2.LAR.A.0.0.0.Q10_G1.10C.NN.AL.WP,25Q4,8.541203
Chart_1,SAFE.Q.U2.LAR.A.0.0.0.Q10_G1.10D.NN.AL.WP,25Q4,4.060987
Chart_1,SAFE.Q.U2.LAR.A.0.0.0.Q10_G1.10E.NN.AL.WP,25Q4,11.212766
Chart_1,SAFE.Q.U2.LAR.A.0.0.0.Q10_G1.10F.NN.AL.WP,25Q4,24.048039
Chart_1,SAFE.Q.U2.SME.A.0.0.0.Q10_G1.10A.NN.AL.WP,25Q4,13.056702
Chart_1,SAFE.Q.U2.SME.A.0.0.0.Q10_G1.10B.NN.AL.WP,25Q4,28.149554
Chart_1,SAFE.Q.U2.SME.A.0.0.0.Q10_G1.10C.NN.AL.WP,25Q4,0.786752
Chart_1,SAFE.Q.U2.SME.A.0.0.0.Q10_G1.10D.NN.AL.WP,25Q4,-1.81195
Chart_1,SAFE.Q.U2.SME.A.0.0.0.Q10_G1.10E.NN.AL.WP,25Q4,16.812209
Chart_1,SAFE.Q.U2.SME.A.0.0.0.Q10_G1.10F.NN.AL.WP,25Q4,19.255459
Chart_1,SAFE.Q.U2.ALL.A.0.0.0.Q10_G1.10A.NN.AL.WP,26Q1,26.178834
Chart_1,SAFE.Q.U2.ALL.A.0.0.0.Q10_G1.10B.NN.AL.WP,26Q1,37.087352
Chart_1,SAFE.Q.U2.ALL.A.0.0.0.Q10_G1.10C.NN.AL.WP,26Q1,8.949557
Chart_1,SAFE.Q.U2.ALL.A.0.0.0.Q10_G1.10D.NN.AL.WP,26Q1,3.122506
Chart_1,SAFE.Q.U2.ALL.A.0.0.0.Q10_G1.10E.NN.AL.WP,26Q1,14.393512
Chart_1,SAFE.Q.U2.ALL.A.0.0.0.Q10_G1.10F.NN.AL.WP,26Q1,18.55238
Chart_1,SAFE.Q.U2.LAR.A.0.0.0.Q10_G1.10A.NN.AL.WP,26Q1,28.827649
Chart_1,SAFE.Q.U2.LAR.A.0.0.0.Q10_G1.10B.NN.AL.WP,26Q1,37.889857
Chart_1,SAFE.Q.U2.LAR.A.0.0.0.Q10_G1.10C.NN.AL.WP,26Q1,8.863704
Chart_1,SAFE.Q.U2.LAR.A.0.0.0.Q10_G1.10D.NN.AL.WP,26Q1,3.051403
Chart_1,SAFE.Q.U2.LAR.A.0.0.0.Q10_G1.10E.NN.AL.WP,26Q1,14.956494
Chart_1,SAFE.Q.U2.LAR.A.0.0.0.Q10_G1.10F.NN.AL.WP,26Q1,21.658554
Chart_1,SAFE.Q.U2.SME.A.0.0.0.Q10_G1.10A.NN.AL.WP,26Q1,23.584423
Chart_1,SAFE.Q.U2.SME.A.0.0.0.Q10_G1.10B.NN.AL.WP,26Q1,36.301331
Chart_1,SAFE.Q.U2.SME.A.0.0.0.Q10_G1.10C.NN.AL.WP,26Q1,9.033647
Chart_1,SAFE.Q.U2.SME.A.0.0.0.Q10_G1.10D.NN.AL.WP,26Q1,3.192149
Chart_1,SAFE.Q.U2.SME.A.0.0.0.Q10_G1.10E.NN.AL.WP,26Q1,13.842093
Chart_1,SAFE.Q.U2.SME.A.0.0.0.Q10_G1.10F.NN.AL.WP,26Q1,15.510004
Chart_2,SAFE.H.U2.ALL.A.0.0.0.Q5.FBLN.NN.AL.WP,22Q4-Q1,4.312024
Chart_2,SAFE.H.U2.ALL.A.0.0.0.Q9.FBLN.NN.AL.WP,22Q4-Q1,-4.89323
Chart_2,SAFE.H.U2.LAR.A.0.0.0.Q5.FBLN.NN.AL.WP,22Q4-Q1,6.394122
Chart_2,SAFE.H.U2.LAR.A.0.0.0.Q9.FBLN.NN.AL.WP,22Q4-Q1,-0.6933
Chart_2,SAFE.H.U2.SME.A.0.0.0.Q5.FBLN.NN.AL.WP,22Q4-Q1,2.957116
Chart_2,SAFE.H.U2.SME.A.0.0.0.Q9.FBLN.NN.AL.WP,22Q4-Q1,-7.6263
Chart_2,SAFE.H.U2.ALL.A.0.0.0.Q5.FBLN.NN.AL.WP,23Q2-Q3,4.523152
Chart_2,SAFE.H.U2.ALL.A.0.0.0.Q9.FBLN.NN.AL.WP,23Q2-Q3,-9.76266
Chart_2,SAFE.H.U2.LAR.A.0.0.0.Q5.FBLN.NN.AL.WP,23Q2-Q3,9.723307
Chart_2,SAFE.H.U2.LAR.A.0.0.0.Q9.FBLN.NN.AL.WP,23Q2-Q3,-7.66446
Chart_2,SAFE.H.U2.SME.A.0.0.0.Q5.FBLN.NN.AL.WP,23Q2-Q3,1.201923
Chart_2,SAFE.H.U2.SME.A.0.0.0.Q9.FBLN.NN.AL.WP,23Q2-Q3,-11.1027
Chart_2,SAFE.H.U2.ALL.A.0.0.0.Q5.FBLN.NN.AL.WP,23Q4-Q1,3.676724
Chart_2,SAFE.H.U2.ALL.A.0.0.0.Q9.FBLN.NN.AL.WP,23Q4-Q1,-5.36994
Chart_2,SAFE.H.U2.LAR.A.0.0.0.Q5.FBLN.NN.AL.WP,23Q4-Q1,8.08493
Chart_2,SAFE.H.U2.LAR.A.0.0.0.Q9.FBLN.NN.AL.WP,23Q4-Q1,-4.91759
Chart_2,SAFE.H.U2.SME.A.0.0.0.Q5.FBLN.NN.AL.WP,23Q4-Q1,0.610588
Chart_2,SAFE.H.U2.SME.A.0.0.0.Q9.FBLN.NN.AL.WP,23Q4-Q1,-5.68457
Chart_2,SAFE.H.U2.ALL.A.0.0.0.Q5.FBLN.NN.AL.WP,24Q2-Q3,1.228471
Chart_2,SAFE.H.U2.ALL.A.0.0.0.Q9.FBLN.NN.AL.WP,24Q2-Q3,0.056484
Chart_2,SAFE.H.U2.LAR.A.0.0.0.Q5.FBLN.NN.AL.WP,24Q2-Q3,4.424894
Chart_2,SAFE.H.U2.LAR.A.0.0.0.Q9.FBLN.NN.AL.WP,24Q2-Q3,1.918203
Chart_2,SAFE.H.U2.SME.A.0.0.0.Q5.FBLN.NN.AL.WP,24Q2-Q3,-0.806855
Chart_2,SAFE.H.U2.SME.A.0.0.0.Q9.FBLN.NN.AL.WP,24Q2-Q3,-1.128968
Chart_2,SAFE.H.U2.ALL.A.0.0.0.Q5.FBLN.NN.AL.WP,24Q4-Q1,0.987789
Chart_2,SAFE.H.U2.ALL.A.0.0.0.Q9.FBLN.NN.AL.WP,24Q4-Q1,1.511975
Chart_2,SAFE.H.U2.LAR.A.0.0.0.Q5.FBLN.NN.AL.WP,24Q4-Q1,2.278994
Chart_2,SAFE.H.U2.LAR.A.0.0.0.Q9.FBLN.NN.AL.WP,24Q4-Q1,5.132884
Chart_2,SAFE.H.U2.SME.A.0.0.0.Q5.FBLN.NN.AL.WP,24Q4-Q1,0.167913
Chart_2,SAFE.H.U2.SME.A.0.0.0.Q9.FBLN.NN.AL.WP,24Q4-Q1,-0.787195
Chart_2,SAFE.H.U2.ALL.A.0.0.0.Q5.FBLN.NN.AL.WP,25Q2-Q3,0.57583
Chart_2,SAFE.H.U2.ALL.A.0.0.0.Q9.FBLN.NN.AL.WP,25Q2-Q3,3.079536
Chart_2,SAFE.H.U2.LAR.A.0.0.0.Q5.FBLN.NN.AL.WP,25Q2-Q3,3.303631
Chart_2,SAFE.H.U2.LAR.A.0.0.0.Q9.FBLN.NN.AL.WP,25Q2-Q3,9.907191
Chart_2,SAFE.H.U2.SME.A.0.0.0.Q5.FBLN.NN.AL.WP,25Q2-Q3,-1.206931
Chart_2,SAFE.H.U2.SME.A.0.0.0.Q9.FBLN.NN.AL.WP,25Q2-Q3,-1.382695
Chart_2,SAFE.H.U2.ALL.A.0.0.0.Q5.FBLN.NN.AL.WP,25Q4-Q1,4.618429
Chart_2,SAFE.H.U2.ALL.A.0.0.0.Q9.FBLN.NN.AL.WP,25Q4-Q1,-2.546235
Chart_2,SAFE.H.U2.LAR.A.0.0.0.Q5.FBLN.NN.AL.WP,25Q4-Q1,8.991667
Chart_2,SAFE.H.U2.LAR.A.0.0.0.Q9.FBLN.NN.AL.WP,25Q4-Q1,1.073682
Chart_2,SAFE.H.U2.SME.A.0.0.0.Q5.FBLN.NN.AL.WP,25Q4-Q1,1.97773
Chart_2,SAFE.H.U2.SME.A.0.0.0.Q9.FBLN.NN.AL.WP,25Q4-Q1,-4.732055
Chart_2,SAFE.H.U2.ALL.A.0.0.0.Q5.FBLN.NN.AL.WP,24Q2,-0.67140492672733
Chart_2,SAFE.H.U2.ALL.A.0.0.0.Q9.FBLN.NN.AL.WP,24Q2,1.85565942353863
Chart_2,SAFE.H.U2.LAR.A.0.0.0.Q5.FBLN.NN.AL.WP,24Q2,-1.01004331200931
Chart_2,SAFE.H.U2.LAR.A.0.0.0.Q9.FBLN.NN.AL.WP,24Q2,3.9683335990347
Chart_2,SAFE.H.U2.SME.A.0.0.0.Q5.FBLN.NN.AL.WP,24Q2,-0.430775890268184
Chart_2,SAFE.H.U2.SME.A.0.0.0.Q9.FBLN.NN.AL.WP,24Q2,0.354439321811615
Chart_2,SAFE.H.U2.ALL.A.0.0.0.Q5.FBLN.NN.AL.WP,24Q3,-1.913071
Chart_2,SAFE.H.U2.ALL.A.0.0.0.Q9.FBLN.NN.AL.WP,24Q3,1.036208
Chart_2,SAFE.H.U2.LAR.A.0.0.0.Q5.FBLN.NN.AL.WP,24Q3,0.564758
Chart_2,SAFE.H.U2.LAR.A.0.0.0.Q9.FBLN.NN.AL.WP,24Q3,2.014413
Chart_2,SAFE.H.U2.SME.A.0.0.0.Q5.FBLN.NN.AL.WP,24Q3,-3.479612
Chart_2,SAFE.H.U2.SME.A.0.0.0.Q9.FBLN.NN.AL.WP,24Q3,0.417765
Chart_2,SAFE.H.U2.ALL.A.0.0.0.Q5.FBLN.NN.AL.WP,24Q4,0.030664
Chart_2,SAFE.H.U2.ALL.A.0.0.0.Q9.FBLN.NN.AL.WP,24Q4,-2.087681
Chart_2,SAFE.H.U2.LAR.A.0.0.0.Q5.FBLN.NN.AL.WP,24Q4,3.419478
Chart_2,SAFE.H.U2.LAR.A.0.0.0.Q9.FBLN.NN.AL.WP,24Q4,-0.903399
Chart_2,SAFE.H.U2.SME.A.0.0.0.Q5.FBLN.NN.AL.WP,24Q4,-1.995596
Chart_2,SAFE.H.U2.SME.A.0.0.0.Q9.FBLN.NN.AL.WP,24Q4,-2.795794
Chart_2,SAFE.H.U2.ALL.A.0.0.0.Q5.FBLN.NN.AL.WP,25Q1,-3.722963
Chart_2,SAFE.H.U2.ALL.A.0.0.0.Q9.FBLN.NN.AL.WP,25Q1,-1.449491
Chart_2,SAFE.H.U2.LAR.A.0.0.0.Q5.FBLN.NN.AL.WP,25Q1,-5.759997
Chart_2,SAFE.H.U2.LAR.A.0.0.0.Q9.FBLN.NN.AL.WP,25Q1,-0.448604
Chart_2,SAFE.H.U2.SME.A.0.0.0.Q5.FBLN.NN.AL.WP,25Q1,-2.438352
Chart_2,SAFE.H.U2.SME.A.0.0.0.Q9.FBLN.NN.AL.WP,25Q1,-2.080679
Chart_2,SAFE.H.U2.ALL.A.0.0.0.Q5.FBLN.NN.AL.WP,25Q2,-1.460717
Chart_2,SAFE.H.U2.ALL.A.0.0.0.Q9.FBLN.NN.AL.WP,25Q2,1.276063
Chart_2,SAFE.H.U2.LAR.A.0.0.0.Q5.FBLN.NN.AL.WP,25Q2,-1.929009
Chart_2,SAFE.H.U2.LAR.A.0.0.0.Q9.FBLN.NN.AL.WP,25Q2,1.493956
Chart_2,SAFE.H.U2.SME.A.0.0.0.Q5.FBLN.NN.AL.WP,25Q2,-1.178317
Chart_2,SAFE.H.U2.SME.A.0.0.0.Q9.FBLN.NN.AL.WP,25Q2,1.144665
Chart_2,SAFE.H.U2.ALL.A.0.0.0.Q5.FBLN.NN.AL.WP,25Q3,0.350071
Chart_2,SAFE.H.U2.ALL.A.0.0.0.Q9.FBLN.NN.AL.WP,25Q3,-0.824518
Chart_2,SAFE.H.U2.LAR.A.0.0.0.Q5.FBLN.NN.AL.WP,25Q3,3.382302
Chart_2,SAFE.H.U2.LAR.A.0.0.0.Q9.FBLN.NN.AL.WP,25Q3,0.311696
Chart_2,SAFE.H.U2.SME.A.0.0.0.Q5.FBLN.NN.AL.WP,25Q3,-1.693863
Chart_2,SAFE.H.U2.SME.A.0.0.0.Q9.FBLN.NN.AL.WP,25Q3,-1.590405
Chart_2,SAFE.H.U2.ALL.A.0.0.0.Q5.FBLN.NN.AL.WP,25Q4,2.799913
Chart_2,SAFE.H.U2.ALL.A.0.0.0.Q9.FBLN.NN.AL.WP,25Q4,-2.479498
Chart_2,SAFE.H.U2.LAR.A.0.0.0.Q5.FBLN.NN.AL.WP,25Q4,7.504711
Chart_2,SAFE.H.U2.LAR.A.0.0.0.Q9.FBLN.NN.AL.WP,25Q4,-3.158035
Chart_2,SAFE.H.U2.SME.A.0.0.0.Q5.FBLN.NN.AL.WP,25Q4,-0.340439
Chart_2,SAFE.H.U2.SME.A.0.0.0.Q9.FBLN.NN.AL.WP,25Q4,-2.026589
Chart_2,SAFE.H.U2.ALL.A.0.0.0.Q5.FBLN.NN.AL.WP,26Q1,0.123583
Chart_2,SAFE.H.U2.ALL.A.0.0.0.Q9.FBLN.NN.AL.WP,26Q1,-2.544108
Chart_2,SAFE.H.U2.LAR.A.0.0.0.Q5.FBLN.NN.AL.WP,26Q1,0.894357
Chart_2,SAFE.H.U2.LAR.A.0.0.0.Q9.FBLN.NN.AL.WP,26Q1,-2.176054
Chart_2,SAFE.H.U2.SME.A.0.0.0.Q5.FBLN.NN.AL.WP,26Q1,-0.406958
Chart_2,SAFE.H.U2.SME.A.0.0.0.Q9.FBLN.NN.AL.WP,26Q1,-2.797447
Chart_2,SAFE.Q.U2.ALL.A.0.0.0.Q5_G1.FBLN.NN.AL.WP,24Q2,-0.67140492672733
Chart_2,SAFE.Q.U2.ALL.A.0.0.0.Q9_G1.FBLN.NN.AL.WP,24Q2,1.85565942353863
Chart_2,SAFE.Q.U2.LAR.A.0.0.0.Q5_G1.FBLN.NN.AL.WP,24Q2,-1.01004331200931
Chart_2,SAFE.Q.U2.LAR.A.0.0.0.Q9_G1.FBLN.NN.AL.WP,24Q2,3.9683335990347
Chart_2,SAFE.Q.U2.SME.A.0.0.0.Q5_G1.FBLN.NN.AL.WP,24Q2,-0.430775890268184
Chart_2,SAFE.Q.U2.SME.A.0.0.0.Q9_G1.FBLN.NN.AL.WP,24Q2,0.354439321811615
Chart_2,SAFE.Q.U2.ALL.A.0.0.0.Q5_G1.FBLN.NN.AL.WP,24Q3,-1.913071
Chart_2,SAFE.Q.U2.ALL.A.0.0.0.Q9_G1.FBLN.NN.AL.WP,24Q3,1.036208
Chart_2,SAFE.Q.U2.LAR.A.0.0.0.Q5_G1.FBLN.NN.AL.WP,24Q3,0.564758
Chart_2,SAFE.Q.U2.LAR.A.0.0.0.Q9_G1.FBLN.NN.AL.WP,24Q3,2.014413
Chart_2,SAFE.Q.U2.SME.A.0.0.0.Q5_G1.FBLN.NN.AL.WP,24Q3,-3.479612
Chart_2,SAFE.Q.U2.SME.A.0.0.0.Q9_G1.FBLN.NN.AL.WP,24Q3,0.417765
Chart_2,SAFE.Q.U2.ALL.A.0.0.0.Q5_G1.FBLN.NN.AL.WP,24Q4,0.030664
Chart_2,SAFE.Q.U2.ALL.A.0.0.0.Q9_G1.FBLN.NN.AL.WP,24Q4,-2.087681
Chart_2,SAFE.Q.U2.LAR.A.0.0.0.Q5_G1.FBLN.NN.AL.WP,24Q4,3.419478
Chart_2,SAFE.Q.U2.LAR.A.0.0.0.Q9_G1.FBLN.NN.AL.WP,24Q4,-0.903399
Chart_2,SAFE.Q.U2.SME.A.0.0.0.Q5_G1.FBLN.NN.AL.WP,24Q4,-1.995596
Chart_2,SAFE.Q.U2.SME.A.0.0.0.Q9_G1.FBLN.NN.AL.WP,24Q4,-2.795794
Chart_2,SAFE.Q.U2.ALL.A.0.0.0.Q5_G1.FBLN.NN.AL.WP,25Q1,-3.722963
Chart_2,SAFE.Q.U2.ALL.A.0.0.0.Q9_G1.FBLN.NN.AL.WP,25Q1,-1.449491
Chart_2,SAFE.Q.U2.LAR.A.0.0.0.Q5_G1.FBLN.NN.AL.WP,25Q1,-5.759997
Chart_2,SAFE.Q.U2.LAR.A.0.0.0.Q9_G1.FBLN.NN.AL.WP,25Q1,-0.448604
Chart_2,SAFE.Q.U2.SME.A.0.0.0.Q5_G1.FBLN.NN.AL.WP,25Q1,-2.438352
Chart_2,SAFE.Q.U2.SME.A.0.0.0.Q9_G1.FBLN.NN.AL.WP,25Q1,-2.080679
Chart_2,SAFE.Q.U2.ALL.A.0.0.0.Q5_G1.FBLN.NN.AL.WP,25Q2,-1.460717
Chart_2,SAFE.Q.U2.ALL.A.0.0.0.Q9_G1.FBLN.NN.AL.WP,25Q2,1.276063
Chart_2,SAFE.Q.U2.LAR.A.0.0.0.Q5_G1.FBLN.NN.AL.WP,25Q2,-1.929009
Chart_2,SAFE.Q.U2.LAR.A.0.0.0.Q9_G1.FBLN.NN.AL.WP,25Q2,1.493956
Chart_2,SAFE.Q.U2.SME.A.0.0.0.Q5_G1.FBLN.NN.AL.WP,25Q2,-1.178317
Chart_2,SAFE.Q.U2.SME.A.0.0.0.Q9_G1.FBLN.NN.AL.WP,25Q2,1.144665
Chart_2,SAFE.Q.U2.ALL.A.0.0.0.Q5_G1.FBLN.NN.AL.WP,25Q3,0.350071
Chart_2,SAFE.Q.U2.ALL.A.0.0.0.Q9_G1.FBLN.NN.AL.WP,25Q3,-0.824518
Chart_2,SAFE.Q.U2.LAR.A.0.0.0.Q5_G1.FBLN.NN.AL.WP,25Q3,3.382302
Chart_2,SAFE.Q.U2.LAR.A.0.0.0.Q9_G1.FBLN.NN.AL.WP,25Q3,0.311696
Chart_2,SAFE.Q.U2.SME.A.0.0.0.Q5_G1.FBLN.NN.AL.WP,25Q3,-1.693863
Chart_2,SAFE.Q.U2.SME.A.0.0.0.Q9_G1.FBLN.NN.AL.WP,25Q3,-1.590405
Chart_2,SAFE.Q.U2.ALL.A.0.0.0.Q5_G1.FBLN.NN.AL.WP,25Q4,2.799913
Chart_2,SAFE.Q.U2.ALL.A.0.0.0.Q9_G1.FBLN.NN.AL.WP,25Q4,-2.479498
Chart_2,SAFE.Q.U2.LAR.A.0.0.0.Q5_G1.FBLN.NN.AL.WP,25Q4,7.504711
Chart_2,SAFE.Q.U2.LAR.A.0.0.0.Q9_G1.FBLN.NN.AL.WP,25Q4,-3.158035
Chart_2,SAFE.Q.U2.SME.A.0.0.0.Q5_G1.FBLN.NN.AL.WP,25Q4,-0.340439
Chart_2,SAFE.Q.U2.SME.A.0.0.0.Q9_G1.FBLN.NN.AL.WP,25Q4,-2.026589
Chart_2,SAFE.Q.U2.ALL.A.0.0.0.Q5_G1.FBLN.NN.AL.WP,26Q1,0.123583
Chart_2,SAFE.Q.U2.ALL.A.0.0.0.Q9_G1.FBLN.NN.AL.WP,26Q1,-2.544108
Chart_2,SAFE.Q.U2.LAR.A.0.0.0.Q5_G1.FBLN.NN.AL.WP,26Q1,0.894357
Chart_2,SAFE.Q.U2.LAR.A.0.0.0.Q9_G1.FBLN.NN.AL.WP,26Q1,-2.176054
Chart_2,SAFE.Q.U2.SME.A.0.0.0.Q5_G1.FBLN.NN.AL.WP,26Q1,-0.406958
Chart_2,SAFE.Q.U2.SME.A.0.0.0.Q9_G1.FBLN.NN.AL.WP,26Q1,-2.797447
Chart_3,SAFE.H.U2.ALL.A.0.0.0.Q5.FOVD.NN.AL.WP,22Q4-Q1,13.08198
Chart_3,SAFE.H.U2.ALL.A.0.0.0.Q5.FTCR.NN.AL.WP,22Q4-Q1,13.26534
Chart_3,SAFE.H.U2.ALL.A.0.0.0.Q9.FOVD.NN.AL.WP,22Q4-Q1,-2.44333
Chart_3,SAFE.H.U2.ALL.A.0.0.0.Q9.FTCR.NN.AL.WP,22Q4-Q1,-0.54895
Chart_3,SAFE.H.U2.LAR.A.0.0.0.Q5.FOVD.NN.AL.WP,22Q4-Q1,15.05781
Chart_3,SAFE.H.U2.LAR.A.0.0.0.Q5.FTCR.NN.AL.WP,22Q4-Q1,13.93627
Chart_3,SAFE.H.U2.LAR.A.0.0.0.Q9.FOVD.NN.AL.WP,22Q4-Q1,1.092187
Chart_3,SAFE.H.U2.LAR.A.0.0.0.Q9.FTCR.NN.AL.WP,22Q4-Q1,-0.08469
Chart_3,SAFE.H.U2.SME.A.0.0.0.Q5.FOVD.NN.AL.WP,22Q4-Q1,11.73955
Chart_3,SAFE.H.U2.SME.A.0.0.0.Q5.FTCR.NN.AL.WP,22Q4-Q1,12.83826
Chart_3,SAFE.H.U2.SME.A.0.0.0.Q9.FOVD.NN.AL.WP,22Q4-Q1,-4.84545
Chart_3,SAFE.H.U2.SME.A.0.0.0.Q9.FTCR.NN.AL.WP,22Q4-Q1,-0.84447
Chart_3,SAFE.H.U2.ALL.A.0.0.0.Q5.FOVD.NN.AL.WP,23Q2-Q3,12.3002
Chart_3,SAFE.H.U2.ALL.A.0.0.0.Q5.FTCR.NN.AL.WP,23Q2-Q3,10.19353
Chart_3,SAFE.H.U2.ALL.A.0.0.0.Q9.FOVD.NN.AL.WP,23Q2-Q3,-5.86956
Chart_3,SAFE.H.U2.ALL.A.0.0.0.Q9.FTCR.NN.AL.WP,23Q2-Q3,-1.8669
Chart_3,SAFE.H.U2.LAR.A.0.0.0.Q5.FOVD.NN.AL.WP,23Q2-Q3,16.64868
Chart_3,SAFE.H.U2.LAR.A.0.0.0.Q5.FTCR.NN.AL.WP,23Q2-Q3,10.37248
Chart_3,SAFE.H.U2.LAR.A.0.0.0.Q9.FOVD.NN.AL.WP,23Q2-Q3,-1.2112
Chart_3,SAFE.H.U2.LAR.A.0.0.0.Q9.FTCR.NN.AL.WP,23Q2-Q3,-1.07148
Chart_3,SAFE.H.U2.SME.A.0.0.0.Q5.FOVD.NN.AL.WP,23Q2-Q3,9.359086
Chart_3,SAFE.H.U2.SME.A.0.0.0.Q5.FTCR.NN.AL.WP,23Q2-Q3,10.07765
Chart_3,SAFE.H.U2.SME.A.0.0.0.Q9.FOVD.NN.AL.WP,23Q2-Q3,-9.02027
Chart_3,SAFE.H.U2.SME.A.0.0.0.Q9.FTCR.NN.AL.WP,23Q2-Q3,-2.38196
Chart_3,SAFE.H.U2.ALL.A.0.0.0.Q5.FOVD.NN.AL.WP,23Q4-Q1,13.70076
Chart_3,SAFE.H.U2.ALL.A.0.0.0.Q5.FTCR.NN.AL.WP,23Q4-Q1,6.829776
Chart_3,SAFE.H.U2.ALL.A.0.0.0.Q9.FOVD.NN.AL.WP,23Q4-Q1,-3.67222
Chart_3,SAFE.H.U2.ALL.A.0.0.0.Q9.FTCR.NN.AL.WP,23Q4-Q1,0.679521
Chart_3,SAFE.H.U2.LAR.A.0.0.0.Q5.FOVD.NN.AL.WP,23Q4-Q1,18.78971
Chart_3,SAFE.H.U2.LAR.A.0.0.0.Q5.FTCR.NN.AL.WP,23Q4-Q1,4.33162
Chart_3,SAFE.H.U2.LAR.A.0.0.0.Q9.FOVD.NN.AL.WP,23Q4-Q1,0.130443
Chart_3,SAFE.H.U2.LAR.A.0.0.0.Q9.FTCR.NN.AL.WP,23Q4-Q1,2.105076
Chart_3,SAFE.H.U2.SME.A.0.0.0.Q5.FOVD.NN.AL.WP,23Q4-Q1,10.34323
Chart_3,SAFE.H.U2.SME.A.0.0.0.Q5.FTCR.NN.AL.WP,23Q4-Q1,8.44795
Chart_3,SAFE.H.U2.SME.A.0.0.0.Q9.FOVD.NN.AL.WP,23Q4-Q1,-6.1811
Chart_3,SAFE.H.U2.SME.A.0.0.0.Q9.FTCR.NN.AL.WP,23Q4-Q1,-0.24388
Chart_3,SAFE.H.U2.ALL.A.0.0.0.Q5.FOVD.NN.AL.WP,24Q2-Q3,10.174274
Chart_3,SAFE.H.U2.ALL.A.0.0.0.Q5.FTCR.NN.AL.WP,24Q2-Q3,8.171308
Chart_3,SAFE.H.U2.ALL.A.0.0.0.Q9.FOVD.NN.AL.WP,24Q2-Q3,-3.113987
Chart_3,SAFE.H.U2.ALL.A.0.0.0.Q9.FTCR.NN.AL.WP,24Q2-Q3,1.980243
Chart_3,SAFE.H.U2.LAR.A.0.0.0.Q5.FOVD.NN.AL.WP,24Q2-Q3,9.954579
Chart_3,SAFE.H.U2.LAR.A.0.0.0.Q5.FTCR.NN.AL.WP,24Q2-Q3,10.060997
Chart_3,SAFE.H.U2.LAR.A.0.0.0.Q9.FOVD.NN.AL.WP,24Q2-Q3,-2.870932
Chart_3,SAFE.H.U2.LAR.A.0.0.0.Q9.FTCR.NN.AL.WP,24Q2-Q3,2.560983
Chart_3,SAFE.H.U2.SME.A.0.0.0.Q5.FOVD.NN.AL.WP,24Q2-Q3,10.31026
Chart_3,SAFE.H.U2.SME.A.0.0.0.Q5.FTCR.NN.AL.WP,24Q2-Q3,6.839722
Chart_3,SAFE.H.U2.SME.A.0.0.0.Q9.FOVD.NN.AL.WP,24Q2-Q3,-3.264434
Chart_3,SAFE.H.U2.SME.A.0.0.0.Q9.FTCR.NN.AL.WP,24Q2-Q3,1.571019
Chart_3,SAFE.H.U2.ALL.A.0.0.0.Q5.FOVD.NN.AL.WP,24Q4-Q1,5.046303
Chart_3,SAFE.H.U2.ALL.A.0.0.0.Q5.FTCR.NN.AL.WP,24Q4-Q1,7.2576
Chart_3,SAFE.H.U2.ALL.A.0.0.0.Q9.FOVD.NN.AL.WP,24Q4-Q1,-1.251326
Chart_3,SAFE.H.U2.ALL.A.0.0.0.Q9.FTCR.NN.AL.WP,24Q4-Q1,1.173725
Chart_3,SAFE.H.U2.LAR.A.0.0.0.Q5.FOVD.NN.AL.WP,24Q4-Q1,-0.548346
Chart_3,SAFE.H.U2.LAR.A.0.0.0.Q5.FTCR.NN.AL.WP,24Q4-Q1,7.101454
Chart_3,SAFE.H.U2.LAR.A.0.0.0.Q9.FOVD.NN.AL.WP,24Q4-Q1,0.382751
Chart_3,SAFE.H.U2.LAR.A.0.0.0.Q9.FTCR.NN.AL.WP,24Q4-Q1,-0.601223
Chart_3,SAFE.H.U2.SME.A.0.0.0.Q5.FOVD.NN.AL.WP,24Q4-Q1,8.870612
Chart_3,SAFE.H.U2.SME.A.0.0.0.Q5.FTCR.NN.AL.WP,24Q4-Q1,7.363166
Chart_3,SAFE.H.U2.SME.A.0.0.0.Q9.FOVD.NN.AL.WP,24Q4-Q1,-2.368324
Chart_3,SAFE.H.U2.SME.A.0.0.0.Q9.FTCR.NN.AL.WP,24Q4-Q1,2.373725
Chart_3,SAFE.H.U2.ALL.A.0.0.0.Q5.FOVD.NN.AL.WP,25Q2-Q3,6.900377
Chart_3,SAFE.H.U2.ALL.A.0.0.0.Q5.FTCR.NN.AL.WP,25Q2-Q3,7.924609
Chart_3,SAFE.H.U2.ALL.A.0.0.0.Q9.FOVD.NN.AL.WP,25Q2-Q3,2.167169
Chart_3,SAFE.H.U2.ALL.A.0.0.0.Q9.FTCR.NN.AL.WP,25Q2-Q3,4.600081
Chart_3,SAFE.H.U2.LAR.A.0.0.0.Q5.FOVD.NN.AL.WP,25Q2-Q3,9.532419
Chart_3,SAFE.H.U2.LAR.A.0.0.0.Q5.FTCR.NN.AL.WP,25Q2-Q3,8.999256
Chart_3,SAFE.H.U2.LAR.A.0.0.0.Q9.FOVD.NN.AL.WP,25Q2-Q3,6.073968
Chart_3,SAFE.H.U2.LAR.A.0.0.0.Q9.FTCR.NN.AL.WP,25Q2-Q3,7.682441
Chart_3,SAFE.H.U2.SME.A.0.0.0.Q5.FOVD.NN.AL.WP,25Q2-Q3,5.17475
Chart_3,SAFE.H.U2.SME.A.0.0.0.Q5.FTCR.NN.AL.WP,25Q2-Q3,7.226852
Chart_3,SAFE.H.U2.SME.A.0.0.0.Q9.FOVD.NN.AL.WP,25Q2-Q3,-0.394219
Chart_3,SAFE.H.U2.SME.A.0.0.0.Q9.FTCR.NN.AL.WP,25Q2-Q3,2.598736
Chart_3,SAFE.H.U2.ALL.A.0.0.0.Q5.FOVD.NN.AL.WP,25Q4-Q1,4.687153
Chart_3,SAFE.H.U2.ALL.A.0.0.0.Q5.FTCR.NN.AL.WP,25Q4-Q1,8.926134
Chart_3,SAFE.H.U2.ALL.A.0.0.0.Q9.FOVD.NN.AL.WP,25Q4-Q1,-2.581693
Chart_3,SAFE.H.U2.ALL.A.0.0.0.Q9.FTCR.NN.AL.WP,25Q4-Q1,2.180373
Chart_3,SAFE.H.U2.LAR.A.0.0.0.Q5.FOVD.NN.AL.WP,25Q4-Q1,1.112107
Chart_3,SAFE.H.U2.LAR.A.0.0.0.Q5.FTCR.NN.AL.WP,25Q4-Q1,9.71079
Chart_3,SAFE.H.U2.LAR.A.0.0.0.Q9.FOVD.NN.AL.WP,25Q4-Q1,-1.034265
Chart_3,SAFE.H.U2.LAR.A.0.0.0.Q9.FTCR.NN.AL.WP,25Q4-Q1,2.102484
Chart_3,SAFE.H.U2.SME.A.0.0.0.Q5.FOVD.NN.AL.WP,25Q4-Q1,6.883017
Chart_3,SAFE.H.U2.SME.A.0.0.0.Q5.FTCR.NN.AL.WP,25Q4-Q1,8.436891
Chart_3,SAFE.H.U2.SME.A.0.0.0.Q9.FOVD.NN.AL.WP,25Q4-Q1,-3.532153
Chart_3,SAFE.H.U2.SME.A.0.0.0.Q9.FTCR.NN.AL.WP,25Q4-Q1,2.228939
Chart_3,SAFE.H.U2.ALL.A.0.0.0.Q5.FOVD.NN.AL.WP,24Q2,8.07937933567149
Chart_3,SAFE.H.U2.ALL.A.0.0.0.Q5.FTCR.NN.AL.WP,24Q2,6.60838092481016
Chart_3,SAFE.H.U2.ALL.A.0.0.0.Q9.FOVD.NN.AL.WP,24Q2,-0.820749086444068
Chart_3,SAFE.H.U2.ALL.A.0.0.0.Q9.FTCR.NN.AL.WP,24Q2,2.11490811897503
Chart_3,SAFE.H.U2.LAR.A.0.0.0.Q5.FOVD.NN.AL.WP,24Q2,11.4771443490236
Chart_3,SAFE.H.U2.LAR.A.0.0.0.Q5.FTCR.NN.AL.WP,24Q2,4.80482532176912
Chart_3,SAFE.H.U2.LAR.A.0.0.0.Q9.FOVD.NN.AL.WP,24Q2,0.348637331418036
Chart_3,SAFE.H.U2.LAR.A.0.0.0.Q9.FTCR.NN.AL.WP,24Q2,4.42215330062778
Chart_3,SAFE.H.U2.SME.A.0.0.0.Q5.FOVD.NN.AL.WP,24Q2,5.83797688477382
Chart_3,SAFE.H.U2.SME.A.0.0.0.Q5.FTCR.NN.AL.WP,24Q2,7.71091213205882
Chart_3,SAFE.H.U2.SME.A.0.0.0.Q9.FOVD.NN.AL.WP,24Q2,-1.59215781328141
Chart_3,SAFE.H.U2.SME.A.0.0.0.Q9.FTCR.NN.AL.WP,24Q2,0.704466538323526
Chart_3,SAFE.H.U2.ALL.A.0.0.0.Q5.FOVD.NN.AL.WP,24Q3,5.965688
Chart_3,SAFE.H.U2.ALL.A.0.0.0.Q5.FTCR.NN.AL.WP,24Q3,6.114674
Chart_3,SAFE.H.U2.ALL.A.0.0.0.Q9.FOVD.NN.AL.WP,24Q3,-1.658452
Chart_3,SAFE.H.U2.ALL.A.0.0.0.Q9.FTCR.NN.AL.WP,24Q3,2.516229
Chart_3,SAFE.H.U2.LAR.A.0.0.0.Q5.FOVD.NN.AL.WP,24Q3,9.914962
Chart_3,SAFE.H.U2.LAR.A.0.0.0.Q5.FTCR.NN.AL.WP,24Q3,5.22553
Chart_3,SAFE.H.U2.LAR.A.0.0.0.Q9.FOVD.NN.AL.WP,24Q3,-0.97829
Chart_3,SAFE.H.U2.LAR.A.0.0.0.Q9.FTCR.NN.AL.WP,24Q3,4.294121
Chart_3,SAFE.H.U2.SME.A.0.0.0.Q5.FOVD.NN.AL.WP,24Q3,3.46503
Chart_3,SAFE.H.U2.SME.A.0.0.0.Q5.FTCR.NN.AL.WP,24Q3,6.696303
Chart_3,SAFE.H.U2.SME.A.0.0.0.Q9.FOVD.NN.AL.WP,24Q3,-2.089127
Chart_3,SAFE.H.U2.SME.A.0.0.0.Q9.FTCR.NN.AL.WP,24Q3,1.353233
Chart_3,SAFE.H.U2.ALL.A.0.0.0.Q5.FOVD.NN.AL.WP,24Q4,5.136036
Chart_3,SAFE.H.U2.ALL.A.0.0.0.Q5.FTCR.NN.AL.WP,24Q4,9.884661
Chart_3,SAFE.H.U2.ALL.A.0.0.0.Q9.FOVD.NN.AL.WP,24Q4,-1.160325
Chart_3,SAFE.H.U2.ALL.A.0.0.0.Q9.FTCR.NN.AL.WP,24Q4,2.900959
Chart_3,SAFE.H.U2.LAR.A.0.0.0.Q5.FOVD.NN.AL.WP,24Q4,6.917978
Chart_3,SAFE.H.U2.LAR.A.0.0.0.Q5.FTCR.NN.AL.WP,24Q4,12.092921
Chart_3,SAFE.H.U2.LAR.A.0.0.0.Q9.FOVD.NN.AL.WP,24Q4,-1.624986
Chart_3,SAFE.H.U2.LAR.A.0.0.0.Q9.FTCR.NN.AL.WP,24Q4,1.799783
Chart_3,SAFE.H.U2.SME.A.0.0.0.Q5.FOVD.NN.AL.WP,24Q4,3.968439
Chart_3,SAFE.H.U2.SME.A.0.0.0.Q5.FTCR.NN.AL.WP,24Q4,8.437075
Chart_3,SAFE.H.U2.SME.A.0.0.0.Q9.FOVD.NN.AL.WP,24Q4,-0.855861
Chart_3,SAFE.H.U2.SME.A.0.0.0.Q9.FTCR.NN.AL.WP,24Q4,3.622816
Chart_3,SAFE.H.U2.ALL.A.0.0.0.Q5.FOVD.NN.AL.WP,25Q1,3.883002
Chart_3,SAFE.H.U2.ALL.A.0.0.0.Q5.FTCR.NN.AL.WP,25Q1,7.000812
Chart_3,SAFE.H.U2.ALL.A.0.0.0.Q9.FOVD.NN.AL.WP,25Q1,-0.667683
Chart_3,SAFE.H.U2.ALL.A.0.0.0.Q9.FTCR.NN.AL.WP,25Q1,3.457752
Chart_3,SAFE.H.U2.LAR.A.0.0.0.Q5.FOVD.NN.AL.WP,25Q1,1.035077
Chart_3,SAFE.H.U2.LAR.A.0.0.0.Q5.FTCR.NN.AL.WP,25Q1,7.290618
Chart_3,SAFE.H.U2.LAR.A.0.0.0.Q9.FOVD.NN.AL.WP,25Q1,0.917101
Chart_3,SAFE.H.U2.LAR.A.0.0.0.Q9.FTCR.NN.AL.WP,25Q1,4.041184
Chart_3,SAFE.H.U2.SME.A.0.0.0.Q5.FOVD.NN.AL.WP,25Q1,5.73403
Chart_3,SAFE.H.U2.SME.A.0.0.0.Q5.FTCR.NN.AL.WP,25Q1,6.780345
Chart_3,SAFE.H.U2.SME.A.0.0.0.Q9.FOVD.NN.AL.WP,25Q1,-1.697724
Chart_3,SAFE.H.U2.SME.A.0.0.0.Q9.FTCR.NN.AL.WP,25Q1,3.013911
Chart_3,SAFE.H.U2.ALL.A.0.0.0.Q5.FOVD.NN.AL.WP,25Q2,6.96733
Chart_3,SAFE.H.U2.ALL.A.0.0.0.Q5.FTCR.NN.AL.WP,25Q2,7.320587
Chart_3,SAFE.H.U2.ALL.A.0.0.0.Q9.FOVD.NN.AL.WP,25Q2,1.503981
Chart_3,SAFE.H.U2.ALL.A.0.0.0.Q9.FTCR.NN.AL.WP,25Q2,4.526452
Chart_3,SAFE.H.U2.LAR.A.0.0.0.Q5.FOVD.NN.AL.WP,25Q2,9.425244
Chart_3,SAFE.H.U2.LAR.A.0.0.0.Q5.FTCR.NN.AL.WP,25Q2,9.758703
Chart_3,SAFE.H.U2.LAR.A.0.0.0.Q9.FOVD.NN.AL.WP,25Q2,3.021956
Chart_3,SAFE.H.U2.LAR.A.0.0.0.Q9.FTCR.NN.AL.WP,25Q2,7.263792
Chart_3,SAFE.H.U2.SME.A.0.0.0.Q5.FOVD.NN.AL.WP,25Q2,5.392602
Chart_3,SAFE.H.U2.SME.A.0.0.0.Q5.FTCR.NN.AL.WP,25Q2,5.745421
Chart_3,SAFE.H.U2.SME.A.0.0.0.Q9.FOVD.NN.AL.WP,25Q2,0.53145
Chart_3,SAFE.H.U2.SME.A.0.0.0.Q9.FTCR.NN.AL.WP,25Q2,2.757969
Chart_3,SAFE.H.U2.ALL.A.0.0.0.Q5.FOVD.NN.AL.WP,25Q3,7.994665
Chart_3,SAFE.H.U2.ALL.A.0.0.0.Q5.FTCR.NN.AL.WP,25Q3,0.799148
Chart_3,SAFE.H.U2.ALL.A.0.0.0.Q9.FOVD.NN.AL.WP,25Q3,0.928749
Chart_3,SAFE.H.U2.ALL.A.0.0.0.Q9.FTCR.NN.AL.WP,25Q3,2.351633
Chart_3,SAFE.H.U2.LAR.A.0.0.0.Q5.FOVD.NN.AL.WP,25Q3,11.732017
Chart_3,SAFE.H.U2.LAR.A.0.0.0.Q5.FTCR.NN.AL.WP,25Q3,-5.130653
Chart_3,SAFE.H.U2.LAR.A.0.0.0.Q9.FOVD.NN.AL.WP,25Q3,2.667839
Chart_3,SAFE.H.U2.LAR.A.0.0.0.Q9.FTCR.NN.AL.WP,25Q3,4.659126
Chart_3,SAFE.H.U2.SME.A.0.0.0.Q5.FOVD.NN.AL.WP,25Q3,5.461514
Chart_3,SAFE.H.U2.SME.A.0.0.0.Q5.FTCR.NN.AL.WP,25Q3,4.426601
Chart_3,SAFE.H.U2.SME.A.0.0.0.Q9.FOVD.NN.AL.WP,25Q3,-0.249994
Chart_3,SAFE.H.U2.SME.A.0.0.0.Q9.FTCR.NN.AL.WP,25Q3,0.940064
Chart_3,SAFE.H.U2.ALL.A.0.0.0.Q5.FOVD.NN.AL.WP,25Q4,5.775004
Chart_3,SAFE.H.U2.ALL.A.0.0.0.Q5.FTCR.NN.AL.WP,25Q4,7.435167
Chart_3,SAFE.H.U2.ALL.A.0.0.0.Q9.FOVD.NN.AL.WP,25Q4,-0.846885
Chart_3,SAFE.H.U2.ALL.A.0.0.0.Q9.FTCR.NN.AL.WP,25Q4,0.762994
Chart_3,SAFE.H.U2.LAR.A.0.0.0.Q5.FOVD.NN.AL.WP,25Q4,4.716432
Chart_3,SAFE.H.U2.LAR.A.0.0.0.Q5.FTCR.NN.AL.WP,25Q4,9.626205
Chart_3,SAFE.H.U2.LAR.A.0.0.0.Q9.FOVD.NN.AL.WP,25Q4,2.096854
Chart_3,SAFE.H.U2.LAR.A.0.0.0.Q9.FTCR.NN.AL.WP,25Q4,-1.234439
Chart_3,SAFE.H.U2.SME.A.0.0.0.Q5.FOVD.NN.AL.WP,25Q4,6.481039
Chart_3,SAFE.H.U2.SME.A.0.0.0.Q5.FTCR.NN.AL.WP,25Q4,5.960052
Chart_3,SAFE.H.U2.SME.A.0.0.0.Q9.FOVD.NN.AL.WP,25Q4,-2.810271
Chart_3,SAFE.H.U2.SME.A.0.0.0.Q9.FTCR.NN.AL.WP,25Q4,2.107765
Chart_3,SAFE.H.U2.ALL.A.0.0.0.Q5.FOVD.NN.AL.WP,26Q1,8.091441
Chart_3,SAFE.H.U2.ALL.A.0.0.0.Q5.FTCR.NN.AL.WP,26Q1,11.270979
Chart_3,SAFE.H.U2.ALL.A.0.0.0.Q9.FOVD.NN.AL.WP,26Q1,-3.243949
Chart_3,SAFE.H.U2.ALL.A.0.0.0.Q9.FTCR.NN.AL.WP,26Q1,3.516426
Chart_3,SAFE.H.U2.LAR.A.0.0.0.Q5.FOVD.NN.AL.WP,26Q1,5.455699
Chart_3,SAFE.H.U2.LAR.A.0.0.0.Q5.FTCR.NN.AL.WP,26Q1,16.692876
Chart_3,SAFE.H.U2.LAR.A.0.0.0.Q9.FOVD.NN.AL.WP,26Q1,-3.628826
Chart_3,SAFE.H.U2.LAR.A.0.0.0.Q9.FTCR.NN.AL.WP,26Q1,5.0842
Chart_3,SAFE.H.U2.SME.A.0.0.0.Q5.FOVD.NN.AL.WP,26Q1,9.84878
Chart_3,SAFE.H.U2.SME.A.0.0.0.Q5.FTCR.NN.AL.WP,26Q1,7.713624
Chart_3,SAFE.H.U2.SME.A.0.0.0.Q9.FOVD.NN.AL.WP,26Q1,-2.987338
Chart_3,SAFE.H.U2.SME.A.0.0.0.Q9.FTCR.NN.AL.WP,26Q1,2.487796
Chart_3,SAFE.Q.U2.ALL.A.0.0.0.Q5_G1.FOVD.NN.AL.WP,24Q2,8.07937933567149
Chart_3,SAFE.Q.U2.ALL.A.0.0.0.Q5_G1.FTCR.NN.AL.WP,24Q2,6.60838092481016
Chart_3,SAFE.Q.U2.ALL.A.0.0.0.Q9_G1.FOVD.NN.AL.WP,24Q2,-0.820749086444068
Chart_3,SAFE.Q.U2.ALL.A.0.0.0.Q9_G1.FTCR.NN.AL.WP,24Q2,2.11490811897503
Chart_3,SAFE.Q.U2.LAR.A.0.0.0.Q5_G1.FOVD.NN.AL.WP,24Q2,11.4771443490236
Chart_3,SAFE.Q.U2.LAR.A.0.0.0.Q5_G1.FTCR.NN.AL.WP,24Q2,4.80482532176912
Chart_3,SAFE.Q.U2.LAR.A.0.0.0.Q9_G1.FOVD.NN.AL.WP,24Q2,0.348637331418036
Chart_3,SAFE.Q.U2.LAR.A.0.0.0.Q9_G1.FTCR.NN.AL.WP,24Q2,4.42215330062778
Chart_3,SAFE.Q.U2.SME.A.0.0.0.Q5_G1.FOVD.NN.AL.WP,24Q2,5.83797688477382
Chart_3,SAFE.Q.U2.SME.A.0.0.0.Q5_G1.FTCR.NN.AL.WP,24Q2,7.71091213205882
Chart_3,SAFE.Q.U2.SME.A.0.0.0.Q9_G1.FOVD.NN.AL.WP,24Q2,-1.59215781328141
Chart_3,SAFE.Q.U2.SME.A.0.0.0.Q9_G1.FTCR.NN.AL.WP,24Q2,0.704466538323526
Chart_3,SAFE.Q.U2.ALL.A.0.0.0.Q5_G1.FOVD.NN.AL.WP,24Q3,5.965688
Chart_3,SAFE.Q.U2.ALL.A.0.0.0.Q5_G1.FTCR.NN.AL.WP,24Q3,6.114674
Chart_3,SAFE.Q.U2.ALL.A.0.0.0.Q9_G1.FOVD.NN.AL.WP,24Q3,-1.658452
Chart_3,SAFE.Q.U2.ALL.A.0.0.0.Q9_G1.FTCR.NN.AL.WP,24Q3,2.516229
Chart_3,SAFE.Q.U2.LAR.A.0.0.0.Q5_G1.FOVD.NN.AL.WP,24Q3,9.914962
Chart_3,SAFE.Q.U2.LAR.A.0.0.0.Q5_G1.FTCR.NN.AL.WP,24Q3,5.22553
Chart_3,SAFE.Q.U2.LAR.A.0.0.0.Q9_G1.FOVD.NN.AL.WP,24Q3,-0.97829
Chart_3,SAFE.Q.U2.LAR.A.0.0.0.Q9_G1.FTCR.NN.AL.WP,24Q3,4.294121
Chart_3,SAFE.Q.U2.SME.A.0.0.0.Q5_G1.FOVD.NN.AL.WP,24Q3,3.46503
Chart_3,SAFE.Q.U2.SME.A.0.0.0.Q5_G1.FTCR.NN.AL.WP,24Q3,6.696303
Chart_3,SAFE.Q.U2.SME.A.0.0.0.Q9_G1.FOVD.NN.AL.WP,24Q3,-2.089127
Chart_3,SAFE.Q.U2.SME.A.0.0.0.Q9_G1.FTCR.NN.AL.WP,24Q3,1.353233
Chart_3,SAFE.Q.U2.ALL.A.0.0.0.Q5_G1.FOVD.NN.AL.WP,24Q4,5.136036
Chart_3,SAFE.Q.U2.ALL.A.0.0.0.Q5_G1.FTCR.NN.AL.WP,24Q4,9.884661
Chart_3,SAFE.Q.U2.ALL.A.0.0.0.Q9_G1.FOVD.NN.AL.WP,24Q4,-1.160325
Chart_3,SAFE.Q.U2.ALL.A.0.0.0.Q9_G1.FTCR.NN.AL.WP,24Q4,2.900959
Chart_3,SAFE.Q.U2.LAR.A.0.0.0.Q5_G1.FOVD.NN.AL.WP,24Q4,6.917978
Chart_3,SAFE.Q.U2.LAR.A.0.0.0.Q5_G1.FTCR.NN.AL.WP,24Q4,12.092921
Chart_3,SAFE.Q.U2.LAR.A.0.0.0.Q9_G1.FOVD.NN.AL.WP,24Q4,-1.624986
Chart_3,SAFE.Q.U2.LAR.A.0.0.0.Q9_G1.FTCR.NN.AL.WP,24Q4,1.799783
Chart_3,SAFE.Q.U2.SME.A.0.0.0.Q5_G1.FOVD.NN.AL.WP,24Q4,3.968439
Chart_3,SAFE.Q.U2.SME.A.0.0.0.Q5_G1.FTCR.NN.AL.WP,24Q4,8.437075
Chart_3,SAFE.Q.U2.SME.A.0.0.0.Q9_G1.FOVD.NN.AL.WP,24Q4,-0.855861
Chart_3,SAFE.Q.U2.SME.A.0.0.0.Q9_G1.FTCR.NN.AL.WP,24Q4,3.622816
Chart_3,SAFE.Q.U2.ALL.A.0.0.0.Q5_G1.FOVD.NN.AL.WP,25Q1,3.883002
Chart_3,SAFE.Q.U2.ALL.A.0.0.0.Q5_G1.FTCR.NN.AL.WP,25Q1,7.000812
Chart_3,SAFE.Q.U2.ALL.A.0.0.0.Q9_G1.FOVD.NN.AL.WP,25Q1,-0.667683
Chart_3,SAFE.Q.U2.ALL.A.0.0.0.Q9_G1.FTCR.NN.AL.WP,25Q1,3.457752
Chart_3,SAFE.Q.U2.LAR.A.0.0.0.Q5_G1.FOVD.NN.AL.WP,25Q1,1.035077
Chart_3,SAFE.Q.U2.LAR.A.0.0.0.Q5_G1.FTCR.NN.AL.WP,25Q1,7.290618
Chart_3,SAFE.Q.U2.LAR.A.0.0.0.Q9_G1.FOVD.NN.AL.WP,25Q1,0.917101
Chart_3,SAFE.Q.U2.LAR.A.0.0.0.Q9_G1.FTCR.NN.AL.WP,25Q1,4.041184
Chart_3,SAFE.Q.U2.SME.A.0.0.0.Q5_G1.FOVD.NN.AL.WP,25Q1,5.73403
Chart_3,SAFE.Q.U2.SME.A.0.0.0.Q5_G1.FTCR.NN.AL.WP,25Q1,6.780345
Chart_3,SAFE.Q.U2.SME.A.0.0.0.Q9_G1.FOVD.NN.AL.WP,25Q1,-1.697724
Chart_3,SAFE.Q.U2.SME.A.0.0.0.Q9_G1.FTCR.NN.AL.WP,25Q1,3.013911
Chart_3,SAFE.Q.U2.ALL.A.0.0.0.Q5_G1.FOVD.NN.AL.WP,25Q2,6.96733
Chart_3,SAFE.Q.U2.ALL.A.0.0.0.Q5_G1.FTCR.NN.AL.WP,25Q2,7.320587
Chart_3,SAFE.Q.U2.ALL.A.0.0.0.Q9_G1.FOVD.NN.AL.WP,25Q2,1.503981
Chart_3,SAFE.Q.U2.ALL.A.0.0.0.Q9_G1.FTCR.NN.AL.WP,25Q2,4.526452
Chart_3,SAFE.Q.U2.LAR.A.0.0.0.Q5_G1.FOVD.NN.AL.WP,25Q2,9.425244
Chart_3,SAFE.Q.U2.LAR.A.0.0.0.Q5_G1.FTCR.NN.AL.WP,25Q2,9.758703
Chart_3,SAFE.Q.U2.LAR.A.0.0.0.Q9_G1.FOVD.NN.AL.WP,25Q2,3.021956
Chart_3,SAFE.Q.U2.LAR.A.0.0.0.Q9_G1.FTCR.NN.AL.WP,25Q2,7.263792
Chart_3,SAFE.Q.U2.SME.A.0.0.0.Q5_G1.FOVD.NN.AL.WP,25Q2,5.392602
Chart_3,SAFE.Q.U2.SME.A.0.0.0.Q5_G1.FTCR.NN.AL.WP,25Q2,5.745421
Chart_3,SAFE.Q.U2.SME.A.0.0.0.Q9_G1.FOVD.NN.AL.WP,25Q2,0.53145
Chart_3,SAFE.Q.U2.SME.A.0.0.0.Q9_G1.FTCR.NN.AL.WP,25Q2,2.757969
Chart_3,SAFE.Q.U2.ALL.A.0.0.0.Q5_G1.FOVD.NN.AL.WP,25Q3,7.994665
Chart_3,SAFE.Q.U2.ALL.A.0.0.0.Q5_G1.FTCR.NN.AL.WP,25Q3,0.799148
Chart_3,SAFE.Q.U2.ALL.A.0.0.0.Q9_G1.FOVD.NN.AL.WP,25Q3,0.928749
Chart_3,SAFE.Q.U2.ALL.A.0.0.0.Q9_G1.FTCR.NN.AL.WP,25Q3,2.351633
Chart_3,SAFE.Q.U2.LAR.A.0.0.0.Q5_G1.FOVD.NN.AL.WP,25Q3,11.732017
Chart_3,SAFE.Q.U2.LAR.A.0.0.0.Q5_G1.FTCR.NN.AL.WP,25Q3,-5.130653
Chart_3,SAFE.Q.U2.LAR.A.0.0.0.Q9_G1.FOVD.NN.AL.WP,25Q3,2.667839
Chart_3,SAFE.Q.U2.LAR.A.0.0.0.Q9_G1.FTCR.NN.AL.WP,25Q3,4.659126
Chart_3,SAFE.Q.U2.SME.A.0.0.0.Q5_G1.FOVD.NN.AL.WP,25Q3,5.461514
Chart_3,SAFE.Q.U2.SME.A.0.0.0.Q5_G1.FTCR.NN.AL.WP,25Q3,4.426601
Chart_3,SAFE.Q.U2.SME.A.0.0.0.Q9_G1.FOVD.NN.AL.WP,25Q3,-0.249994
Chart_3,SAFE.Q.U2.SME.A.0.0.0.Q9_G1.FTCR.NN.AL.WP,25Q3,0.940064
Chart_3,SAFE.Q.U2.ALL.A.0.0.0.Q5_G1.FOVD.NN.AL.WP,25Q4,5.775004
Chart_3,SAFE.Q.U2.ALL.A.0.0.0.Q5_G1.FTCR.NN.AL.WP,25Q4,7.435167
Chart_3,SAFE.Q.U2.ALL.A.0.0.0.Q9_G1.FOVD.NN.AL.WP,25Q4,-0.846885
Chart_3,SAFE.Q.U2.ALL.A.0.0.0.Q9_G1.FTCR.NN.AL.WP,25Q4,0.762994
Chart_3,SAFE.Q.U2.LAR.A.0.0.0.Q5_G1.FOVD.NN.AL.WP,25Q4,4.716432
Chart_3,SAFE.Q.U2.LAR.A.0.0.0.Q5_G1.FTCR.NN.AL.WP,25Q4,9.626205
Chart_3,SAFE.Q.U2.LAR.A.0.0.0.Q9_G1.FOVD.NN.AL.WP,25Q4,2.096854
Chart_3,SAFE.Q.U2.LAR.A.0.0.0.Q9_G1.FTCR.NN.AL.WP,25Q4,-1.234439
Chart_3,SAFE.Q.U2.SME.A.0.0.0.Q5_G1.FOVD.NN.AL.WP,25Q4,6.481039
Chart_3,SAFE.Q.U2.SME.A.0.0.0.Q5_G1.FTCR.NN.AL.WP,25Q4,5.960052
Chart_3,SAFE.Q.U2.SME.A.0.0.0.Q9_G1.FOVD.NN.AL.WP,25Q4,-2.810271
Chart_3,SAFE.Q.U2.SME.A.0.0.0.Q9_G1.FTCR.NN.AL.WP,25Q4,2.107765
Chart_3,SAFE.Q.U2.ALL.A.0.0.0.Q5_G1.FOVD.NN.AL.WP,26Q1,8.091441
Chart_3,SAFE.Q.U2.ALL.A.0.0.0.Q5_G1.FTCR.NN.AL.WP,26Q1,11.270979
Chart_3,SAFE.Q.U2.ALL.A.0.0.0.Q9_G1.FOVD.NN.AL.WP,26Q1,-3.243949
Chart_3,SAFE.Q.U2.ALL.A.0.0.0.Q9_G1.FTCR.NN.AL.WP,26Q1,3.516426
Chart_3,SAFE.Q.U2.LAR.A.0.0.0.Q5_G1.FOVD.NN.AL.WP,26Q1,5.455699
Chart_3,SAFE.Q.U2.LAR.A.0.0.0.Q5_G1.FTCR.NN.AL.WP,26Q1,16.692876
Chart_3,SAFE.Q.U2.LAR.A.0.0.0.Q9_G1.FOVD.NN.AL.WP,26Q1,-3.628826
Chart_3,SAFE.Q.U2.LAR.A.0.0.0.Q9_G1.FTCR.NN.AL.WP,26Q1,5.0842
Chart_3,SAFE.Q.U2.SME.A.0.0.0.Q5_G1.FOVD.NN.AL.WP,26Q1,9.84878
Chart_3,SAFE.Q.U2.SME.A.0.0.0.Q5_G1.FTCR.NN.AL.WP,26Q1,7.713624
Chart_3,SAFE.Q.U2.SME.A.0.0.0.Q9_G1.FOVD.NN.AL.WP,26Q1,-2.987338
Chart_3,SAFE.Q.U2.SME.A.0.0.0.Q9_G1.FTCR.NN.AL.WP,26Q1,2.487796
Chart_5,SAFE.H.U2.ALL.A.0.0.0.Q6A.6_1.V1.AL.WP,22Q4-Q1,44.52342
Chart_5,SAFE.H.U2.ALL.A.0.0.0.Q6A.6_2.V1.AL.WP,22Q4-Q1,36.9747
Chart_5,SAFE.H.U2.ALL.A.0.0.0.Q6A.6_3.V1.AL.WP,22Q4-Q1,24.73505
Chart_5,SAFE.H.U2.ALL.A.0.0.0.Q6A.6_4.V1.AL.WP,22Q4-Q1,21.15056
Chart_5,SAFE.H.U2.ALL.A.0.0.0.Q6A.6_5.V1.AL.WP,22Q4-Q1,15.67757
Chart_5,SAFE.H.U2.LAR.A.0.0.0.Q6A.6_1.V1.AL.WP,22Q4-Q1,59.83778
Chart_5,SAFE.H.U2.LAR.A.0.0.0.Q6A.6_2.V1.AL.WP,22Q4-Q1,44.67435
Chart_5,SAFE.H.U2.LAR.A.0.0.0.Q6A.6_3.V1.AL.WP,22Q4-Q1,31.39214
Chart_5,SAFE.H.U2.LAR.A.0.0.0.Q6A.6_4.V1.AL.WP,22Q4-Q1,25.3887
Chart_5,SAFE.H.U2.LAR.A.0.0.0.Q6A.6_5.V1.AL.WP,22Q4-Q1,20.32307
Chart_5,SAFE.H.U2.SME.A.0.0.0.Q6A.6_1.V1.AL.WP,22Q4-Q1,35.7358
Chart_5,SAFE.H.U2.SME.A.0.0.0.Q6A.6_2.V1.AL.WP,22Q4-Q1,32.55654
Chart_5,SAFE.H.U2.SME.A.0.0.0.Q6A.6_3.V1.AL.WP,22Q4-Q1,20.91511
Chart_5,SAFE.H.U2.SME.A.0.0.0.Q6A.6_4.V1.AL.WP,22Q4-Q1,18.71866
Chart_5,SAFE.H.U2.SME.A.0.0.0.Q6A.6_5.V1.AL.WP,22Q4-Q1,13.01191
Chart_5,SAFE.H.U2.ALL.A.0.0.0.Q6A.6_1.V1.AL.WP,23Q2-Q3,43.91358
Chart_5,SAFE.H.U2.ALL.A.0.0.0.Q6A.6_2.V1.AL.WP,23Q2-Q3,37.42857
Chart_5,SAFE.H.U2.ALL.A.0.0.0.Q6A.6_3.V1.AL.WP,23Q2-Q3,24.8077
Chart_5,SAFE.H.U2.ALL.A.0.0.0.Q6A.6_4.V1.AL.WP,23Q2-Q3,21.62299
Chart_5,SAFE.H.U2.ALL.A.0.0.0.Q6A.6_5.V1.AL.WP,23Q2-Q3,14.55691
Chart_5,SAFE.H.U2.LAR.A.0.0.0.Q6A.6_1.V1.AL.WP,23Q2-Q3,59.34925
Chart_5,SAFE.H.U2.LAR.A.0.0.0.Q6A.6_2.V1.AL.WP,23Q2-Q3,44.78687
Chart_5,SAFE.H.U2.LAR.A.0.0.0.Q6A.6_3.V1.AL.WP,23Q2-Q3,30.68203
Chart_5,SAFE.H.U2.LAR.A.0.0.0.Q6A.6_4.V1.AL.WP,23Q2-Q3,28.64589
Chart_5,SAFE.H.U2.LAR.A.0.0.0.Q6A.6_5.V1.AL.WP,23Q2-Q3,19.79474
Chart_5,SAFE.H.U2.SME.A.0.0.0.Q6A.6_1.V1.AL.WP,23Q2-Q3,35.19534
Chart_5,SAFE.H.U2.SME.A.0.0.0.Q6A.6_2.V1.AL.WP,23Q2-Q3,33.27252
Chart_5,SAFE.H.U2.SME.A.0.0.0.Q6A.6_3.V1.AL.WP,23Q2-Q3,21.48981
Chart_5,SAFE.H.U2.SME.A.0.0.0.Q6A.6_4.V1.AL.WP,23Q2-Q3,17.65637
Chart_5,SAFE.H.U2.SME.A.0.0.0.Q6A.6_5.V1.AL.WP,23Q2-Q3,11.59853
Chart_5,SAFE.H.U2.ALL.A.0.0.0.Q6A.6_1.V1.AL.WP,23Q4-Q1,40.43374
Chart_5,SAFE.H.U2.ALL.A.0.0.0.Q6A.6_2.V1.AL.WP,23Q4-Q1,37.35912
Chart_5,SAFE.H.U2.ALL.A.0.0.0.Q6A.6_3.V1.AL.WP,23Q4-Q1,21.62212
Chart_5,SAFE.H.U2.ALL.A.0.0.0.Q6A.6_4.V1.AL.WP,23Q4-Q1,19.93024
Chart_5,SAFE.H.U2.ALL.A.0.0.0.Q6A.6_5.V1.AL.WP,23Q4-Q1,15.79643
Chart_5,SAFE.H.U2.LAR.A.0.0.0.Q6A.6_1.V1.AL.WP,23Q4-Q1,54.66768
Chart_5,SAFE.H.U2.LAR.A.0.0.0.Q6A.6_2.V1.AL.WP,23Q4-Q1,46.2336
Chart_5,SAFE.H.U2.LAR.A.0.0.0.Q6A.6_3.V1.AL.WP,23Q4-Q1,26.81724
Chart_5,SAFE.H.U2.LAR.A.0.0.0.Q6A.6_4.V1.AL.WP,23Q4-Q1,24.44915
Chart_5,SAFE.H.U2.LAR.A.0.0.0.Q6A.6_5.V1.AL.WP,23Q4-Q1,20.81986
Chart_5,SAFE.H.U2.SME.A.0.0.0.Q6A.6_1.V1.AL.WP,23Q4-Q1,32.02996
Chart_5,SAFE.H.U2.SME.A.0.0.0.Q6A.6_2.V1.AL.WP,23Q4-Q1,32.11959
Chart_5,SAFE.H.U2.SME.A.0.0.0.Q6A.6_3.V1.AL.WP,23Q4-Q1,18.55491
Chart_5,SAFE.H.U2.SME.A.0.0.0.Q6A.6_4.V1.AL.WP,23Q4-Q1,17.26227
Chart_5,SAFE.H.U2.SME.A.0.0.0.Q6A.6_5.V1.AL.WP,23Q4-Q1,12.83057
Chart_5,SAFE.H.U2.ALL.A.0.0.0.Q6A.6_1.V1.AL.WP,24Q2-Q3,46.2031
Chart_5,SAFE.H.U2.ALL.A.0.0.0.Q6A.6_2.V1.AL.WP,24Q2-Q3,39.2517
Chart_5,SAFE.H.U2.ALL.A.0.0.0.Q6A.6_3.V1.AL.WP,24Q2-Q3,26.3079
Chart_5,SAFE.H.U2.ALL.A.0.0.0.Q6A.6_4.V1.AL.WP,24Q2-Q3,22.2748
Chart_5,SAFE.H.U2.ALL.A.0.0.0.Q6A.6_5.V1.AL.WP,24Q2-Q3,16.0444
Chart_5,SAFE.H.U2.LAR.A.0.0.0.Q6A.6_1.V1.AL.WP,24Q2-Q3,63.6066
Chart_5,SAFE.H.U2.LAR.A.0.0.0.Q6A.6_2.V1.AL.WP,24Q2-Q3,46.3975
Chart_5,SAFE.H.U2.LAR.A.0.0.0.Q6A.6_3.V1.AL.WP,24Q2-Q3,31.6223
Chart_5,SAFE.H.U2.LAR.A.0.0.0.Q6A.6_4.V1.AL.WP,24Q2-Q3,27.4239
Chart_5,SAFE.H.U2.LAR.A.0.0.0.Q6A.6_5.V1.AL.WP,24Q2-Q3,19.3637
Chart_5,SAFE.H.U2.SME.A.0.0.0.Q6A.6_1.V1.AL.WP,24Q2-Q3,36.5969
Chart_5,SAFE.H.U2.SME.A.0.0.0.Q6A.6_2.V1.AL.WP,24Q2-Q3,35.2973
Chart_5,SAFE.H.U2.SME.A.0.0.0.Q6A.6_3.V1.AL.WP,24Q2-Q3,23.3701
Chart_5,SAFE.H.U2.SME.A.0.0.0.Q6A.6_4.V1.AL.WP,24Q2-Q3,19.4303
Chart_5,SAFE.H.U2.SME.A.0.0.0.Q6A.6_5.V1.AL.WP,24Q2-Q3,14.21
Chart_5,SAFE.H.U2.ALL.A.0.0.0.Q6A.6_1.V1.AL.WP,24Q4-Q1,46.3504
Chart_5,SAFE.H.U2.ALL.A.0.0.0.Q6A.6_2.V1.AL.WP,24Q4-Q1,39.0853
Chart_5,SAFE.H.U2.ALL.A.0.0.0.Q6A.6_3.V1.AL.WP,24Q4-Q1,24.6649
Chart_5,SAFE.H.U2.ALL.A.0.0.0.Q6A.6_4.V1.AL.WP,24Q4-Q1,21.5768
Chart_5,SAFE.H.U2.ALL.A.0.0.0.Q6A.6_5.V1.AL.WP,24Q4-Q1,17.3969
Chart_5,SAFE.H.U2.LAR.A.0.0.0.Q6A.6_1.V1.AL.WP,24Q4-Q1,66.9533
Chart_5,SAFE.H.U2.LAR.A.0.0.0.Q6A.6_2.V1.AL.WP,24Q4-Q1,46.9785
Chart_5,SAFE.H.U2.LAR.A.0.0.0.Q6A.6_3.V1.AL.WP,24Q4-Q1,31.4711
Chart_5,SAFE.H.U2.LAR.A.0.0.0.Q6A.6_4.V1.AL.WP,24Q4-Q1,25.1849
Chart_5,SAFE.H.U2.LAR.A.0.0.0.Q6A.6_5.V1.AL.WP,24Q4-Q1,23.1779
Chart_5,SAFE.H.U2.SME.A.0.0.0.Q6A.6_1.V1.AL.WP,24Q4-Q1,34.7261
Chart_5,SAFE.H.U2.SME.A.0.0.0.Q6A.6_2.V1.AL.WP,24Q4-Q1,34.624
Chart_5,SAFE.H.U2.SME.A.0.0.0.Q6A.6_3.V1.AL.WP,24Q4-Q1,20.824
Chart_5,SAFE.H.U2.SME.A.0.0.0.Q6A.6_4.V1.AL.WP,24Q4-Q1,19.5372
Chart_5,SAFE.H.U2.SME.A.0.0.0.Q6A.6_5.V1.AL.WP,24Q4-Q1,14.1334
Chart_5,SAFE.H.U2.ALL.A.0.0.0.Q6A.6_1.V1.AL.WP,25Q2-Q3,42.2006
Chart_5,SAFE.H.U2.ALL.A.0.0.0.Q6A.6_2.V1.AL.WP,25Q2-Q3,38.7193
Chart_5,SAFE.H.U2.ALL.A.0.0.0.Q6A.6_3.V1.AL.WP,25Q2-Q3,24.5475
Chart_5,SAFE.H.U2.ALL.A.0.0.0.Q6A.6_4.V1.AL.WP,25Q2-Q3,20.1513
Chart_5,SAFE.H.U2.ALL.A.0.0.0.Q6A.6_5.V1.AL.WP,25Q2-Q3,14.0593
Chart_5,SAFE.H.U2.LAR.A.0.0.0.Q6A.6_1.V1.AL.WP,25Q2-Q3,55.9353
Chart_5,SAFE.H.U2.LAR.A.0.0.0.Q6A.6_2.V1.AL.WP,25Q2-Q3,46.348
Chart_5,SAFE.H.U2.LAR.A.0.0.0.Q6A.6_3.V1.AL.WP,25Q2-Q3,28.8696
Chart_5,SAFE.H.U2.LAR.A.0.0.0.Q6A.6_4.V1.AL.WP,25Q2-Q3,22.975
Chart_5,SAFE.H.U2.LAR.A.0.0.0.Q6A.6_5.V1.AL.WP,25Q2-Q3,17.1348
Chart_5,SAFE.H.U2.SME.A.0.0.0.Q6A.6_1.V1.AL.WP,25Q2-Q3,34.6382
Chart_5,SAFE.H.U2.SME.A.0.0.0.Q6A.6_2.V1.AL.WP,25Q2-Q3,34.5184
Chart_5,SAFE.H.U2.SME.A.0.0.0.Q6A.6_3.V1.AL.WP,25Q2-Q3,22.1698
Chart_5,SAFE.H.U2.SME.A.0.0.0.Q6A.6_4.V1.AL.WP,25Q2-Q3,18.5985
Chart_5,SAFE.H.U2.SME.A.0.0.0.Q6A.6_5.V1.AL.WP,25Q2-Q3,12.3705
Chart_5,SAFE.H.U2.ALL.A.0.0.0.Q6A.6_1.V1.AL.WP,25Q4-Q1,42.9514
Chart_5,SAFE.H.U2.ALL.A.0.0.0.Q6A.6_2.V1.AL.WP,25Q4-Q1,36.1533
Chart_5,SAFE.H.U2.ALL.A.0.0.0.Q6A.6_3.V1.AL.WP,25Q4-Q1,23.881
Chart_5,SAFE.H.U2.ALL.A.0.0.0.Q6A.6_4.V1.AL.WP,25Q4-Q1,21.1772
Chart_5,SAFE.H.U2.ALL.A.0.0.0.Q6A.6_5.V1.AL.WP,25Q4-Q1,13.451
Chart_5,SAFE.H.U2.LAR.A.0.0.0.Q6A.6_1.V1.AL.WP,25Q4-Q1,58.4437
Chart_5,SAFE.H.U2.LAR.A.0.0.0.Q6A.6_2.V1.AL.WP,25Q4-Q1,42.4539
Chart_5,SAFE.H.U2.LAR.A.0.0.0.Q6A.6_3.V1.AL.WP,25Q4-Q1,25.6144
Chart_5,SAFE.H.U2.LAR.A.0.0.0.Q6A.6_4.V1.AL.WP,25Q4-Q1,25.0491
Chart_5,SAFE.H.U2.LAR.A.0.0.0.Q6A.6_5.V1.AL.WP,25Q4-Q1,15.909
Chart_5,SAFE.H.U2.SME.A.0.0.0.Q6A.6_1.V1.AL.WP,25Q4-Q1,34.4603
Chart_5,SAFE.H.U2.SME.A.0.0.0.Q6A.6_2.V1.AL.WP,25Q4-Q1,32.6973
Chart_5,SAFE.H.U2.SME.A.0.0.0.Q6A.6_3.V1.AL.WP,25Q4-Q1,22.9302
Chart_5,SAFE.H.U2.SME.A.0.0.0.Q6A.6_4.V1.AL.WP,25Q4-Q1,19.0522
Chart_5,SAFE.H.U2.SME.A.0.0.0.Q6A.6_5.V1.AL.WP,25Q4-Q1,12.105
Chart_5,SAFE.H.U2.ALL.A.0.0.0.Q6A.6_1.V1.AL.WP,25Q2,39.3189
Chart_5,SAFE.H.U2.ALL.A.0.0.0.Q6A.6_2.V1.AL.WP,25Q2,38.613
Chart_5,SAFE.H.U2.ALL.A.0.0.0.Q6A.6_3.V1.AL.WP,25Q2,24.5806
Chart_5,SAFE.H.U2.ALL.A.0.0.0.Q6A.6_4.V1.AL.WP,25Q2,20.4751
Chart_5,SAFE.H.U2.ALL.A.0.0.0.Q6A.6_5.V1.AL.WP,25Q2,15.7691
Chart_5,SAFE.H.U2.LAR.A.0.0.0.Q6A.6_1.V1.AL.WP,25Q2,54.1127
Chart_5,SAFE.H.U2.LAR.A.0.0.0.Q6A.6_2.V1.AL.WP,25Q2,44.453
Chart_5,SAFE.H.U2.LAR.A.0.0.0.Q6A.6_3.V1.AL.WP,25Q2,30.783
Chart_5,SAFE.H.U2.LAR.A.0.0.0.Q6A.6_4.V1.AL.WP,25Q2,22.9331
Chart_5,SAFE.H.U2.LAR.A.0.0.0.Q6A.6_5.V1.AL.WP,25Q2,19.5126
Chart_5,SAFE.H.U2.SME.A.0.0.0.Q6A.6_1.V1.AL.WP,25Q2,31.074
Chart_5,SAFE.H.U2.SME.A.0.0.0.Q6A.6_2.V1.AL.WP,25Q2,35.3679
Chart_5,SAFE.H.U2.SME.A.0.0.0.Q6A.6_3.V1.AL.WP,25Q2,21.124
Chart_5,SAFE.H.U2.SME.A.0.0.0.Q6A.6_4.V1.AL.WP,25Q2,19.112
Chart_5,SAFE.H.U2.SME.A.0.0.0.Q6A.6_5.V1.AL.WP,25Q2,13.6808
Chart_5,SAFE.H.U2.ALL.A.0.0.0.Q6A.6_1.V1.AL.WP,25Q3,38.5172
Chart_5,SAFE.H.U2.ALL.A.0.0.0.Q6A.6_2.V1.AL.WP,25Q3,36.5128
Chart_5,SAFE.H.U2.ALL.A.0.0.0.Q6A.6_3.V1.AL.WP,25Q3,23.8821
Chart_5,SAFE.H.U2.ALL.A.0.0.0.Q6A.6_4.V1.AL.WP,25Q3,19.274
Chart_5,SAFE.H.U2.ALL.A.0.0.0.Q6A.6_5.V1.AL.WP,25Q3,16.9978
Chart_5,SAFE.H.U2.LAR.A.0.0.0.Q6A.6_1.V1.AL.WP,25Q3,57.1941
Chart_5,SAFE.H.U2.LAR.A.0.0.0.Q6A.6_2.V1.AL.WP,25Q3,39.9961
Chart_5,SAFE.H.U2.LAR.A.0.0.0.Q6A.6_3.V1.AL.WP,25Q3,29.078
Chart_5,SAFE.H.U2.LAR.A.0.0.0.Q6A.6_4.V1.AL.WP,25Q3,21.409
Chart_5,SAFE.H.U2.LAR.A.0.0.0.Q6A.6_5.V1.AL.WP,25Q3,22.8756
Chart_5,SAFE.H.U2.SME.A.0.0.0.Q6A.6_1.V1.AL.WP,25Q3,28.4383
Chart_5,SAFE.H.U2.SME.A.0.0.0.Q6A.6_2.V1.AL.WP,25Q3,34.637
Chart_5,SAFE.H.U2.SME.A.0.0.0.Q6A.6_3.V1.AL.WP,25Q3,21.0823
Chart_5,SAFE.H.U2.SME.A.0.0.0.Q6A.6_4.V1.AL.WP,25Q3,18.1263
Chart_5,SAFE.H.U2.SME.A.0.0.0.Q6A.6_5.V1.AL.WP,25Q3,13.8266
Chart_5,SAFE.H.U2.ALL.A.0.0.0.Q6A.6_1.V1.AL.WP,25Q4,38.866
Chart_5,SAFE.H.U2.ALL.A.0.0.0.Q6A.6_2.V1.AL.WP,25Q4,37.1549
Chart_5,SAFE.H.U2.ALL.A.0.0.0.Q6A.6_3.V1.AL.WP,25Q4,26.6988
Chart_5,SAFE.H.U2.ALL.A.0.0.0.Q6A.6_4.V1.AL.WP,25Q4,20.7757
Chart_5,SAFE.H.U2.ALL.A.0.0.0.Q6A.6_5.V1.AL.WP,25Q4,14.3317
Chart_5,SAFE.H.U2.LAR.A.0.0.0.Q6A.6_1.V1.AL.WP,25Q4,53.4825
Chart_5,SAFE.H.U2.LAR.A.0.0.0.Q6A.6_2.V1.AL.WP,25Q4,43.1022
Chart_5,SAFE.H.U2.LAR.A.0.0.0.Q6A.6_3.V1.AL.WP,25Q4,31.8545
Chart_5,SAFE.H.U2.LAR.A.0.0.0.Q6A.6_4.V1.AL.WP,25Q4,23.5797
Chart_5,SAFE.H.U2.LAR.A.0.0.0.Q6A.6_5.V1.AL.WP,25Q4,15.8327
Chart_5,SAFE.H.U2.SME.A.0.0.0.Q6A.6_1.V1.AL.WP,25Q4,30.6859
Chart_5,SAFE.H.U2.SME.A.0.0.0.Q6A.6_2.V1.AL.WP,25Q4,33.816
Chart_5,SAFE.H.U2.SME.A.0.0.0.Q6A.6_3.V1.AL.WP,25Q4,23.8106
Chart_5,SAFE.H.U2.SME.A.0.0.0.Q6A.6_4.V1.AL.WP,25Q4,19.2017
Chart_5,SAFE.H.U2.SME.A.0.0.0.Q6A.6_5.V1.AL.WP,25Q4,13.487
Chart_5,SAFE.H.U2.ALL.A.0.0.0.Q6A.6_1.V1.AL.WP,26Q1,36.7558
Chart_5,SAFE.H.U2.ALL.A.0.0.0.Q6A.6_2.V1.AL.WP,26Q1,39.0439
Chart_5,SAFE.H.U2.ALL.A.0.0.0.Q6A.6_3.V1.AL.WP,26Q1,24.5406
Chart_5,SAFE.H.U2.ALL.A.0.0.0.Q6A.6_4.V1.AL.WP,26Q1,19.5229
Chart_5,SAFE.H.U2.ALL.A.0.0.0.Q6A.6_5.V1.AL.WP,26Q1,15.4522
Chart_5,SAFE.H.U2.LAR.A.0.0.0.Q6A.6_1.V1.AL.WP,26Q1,49.7963
Chart_5,SAFE.H.U2.LAR.A.0.0.0.Q6A.6_2.V1.AL.WP,26Q1,47.5117
Chart_5,SAFE.H.U2.LAR.A.0.0.0.Q6A.6_3.V1.AL.WP,26Q1,28.2965
Chart_5,SAFE.H.U2.LAR.A.0.0.0.Q6A.6_4.V1.AL.WP,26Q1,19.9606
Chart_5,SAFE.H.U2.LAR.A.0.0.0.Q6A.6_5.V1.AL.WP,26Q1,19.5961
Chart_5,SAFE.H.U2.SME.A.0.0.0.Q6A.6_1.V1.AL.WP,26Q1,29.3228
Chart_5,SAFE.H.U2.SME.A.0.0.0.Q6A.6_2.V1.AL.WP,26Q1,34.2168
Chart_5,SAFE.H.U2.SME.A.0.0.0.Q6A.6_3.V1.AL.WP,26Q1,22.3987
Chart_5,SAFE.H.U2.SME.A.0.0.0.Q6A.6_4.V1.AL.WP,26Q1,19.2698
Chart_5,SAFE.H.U2.SME.A.0.0.0.Q6A.6_5.V1.AL.WP,26Q1,13.0943
Chart_5,SAFE.Q.U2.ALL.A.0.0.0.Q6A_G1.6_1.V1.AL.WP,25Q2,39.3189
Chart_5,SAFE.Q.U2.ALL.A.0.0.0.Q6A_G1.6_2.V1.AL.WP,25Q2,38.613
Chart_5,SAFE.Q.U2.ALL.A.0.0.0.Q6A_G1.6_3.V1.AL.WP,25Q2,24.5806
Chart_5,SAFE.Q.U2.ALL.A.0.0.0.Q6A_G1.6_4.V1.AL.WP,25Q2,20.4751
Chart_5,SAFE.Q.U2.ALL.A.0.0.0.Q6A_G1.6_5.V1.AL.WP,25Q2,15.7691
Chart_5,SAFE.Q.U2.LAR.A.0.0.0.Q6A_G1.6_1.V1.AL.WP,25Q2,54.1127
Chart_5,SAFE.Q.U2.LAR.A.0.0.0.Q6A_G1.6_2.V1.AL.WP,25Q2,44.453
Chart_5,SAFE.Q.U2.LAR.A.0.0.0.Q6A_G1.6_3.V1.AL.WP,25Q2,30.783
Chart_5,SAFE.Q.U2.LAR.A.0.0.0.Q6A_G1.6_4.V1.AL.WP,25Q2,22.9331
Chart_5,SAFE.Q.U2.LAR.A.0.0.0.Q6A_G1.6_5.V1.AL.WP,25Q2,19.5126
Chart_5,SAFE.Q.U2.SME.A.0.0.0.Q6A_G1.6_1.V1.AL.WP,25Q2,31.074
Chart_5,SAFE.Q.U2.SME.A.0.0.0.Q6A_G1.6_2.V1.AL.WP,25Q2,35.3679
Chart_5,SAFE.Q.U2.SME.A.0.0.0.Q6A_G1.6_3.V1.AL.WP,25Q2,21.124
Chart_5,SAFE.Q.U2.SME.A.0.0.0.Q6A_G1.6_4.V1.AL.WP,25Q2,19.112
Chart_5,SAFE.Q.U2.SME.A.0.0.0.Q6A_G1.6_5.V1.AL.WP,25Q2,13.6808
Chart_5,SAFE.Q.U2.ALL.A.0.0.0.Q6A_G1.6_1.V1.AL.WP,25Q3,38.5172
Chart_5,SAFE.Q.U2.ALL.A.0.0.0.Q6A_G1.6_2.V1.AL.WP,25Q3,36.5128
Chart_5,SAFE.Q.U2.ALL.A.0.0.0.Q6A_G1.6_3.V1.AL.WP,25Q3,23.8821
Chart_5,SAFE.Q.U2.ALL.A.0.0.0.Q6A_G1.6_4.V1.AL.WP,25Q3,19.274
Chart_5,SAFE.Q.U2.ALL.A.0.0.0.Q6A_G1.6_5.V1.AL.WP,25Q3,16.9978
Chart_5,SAFE.Q.U2.LAR.A.0.0.0.Q6A_G1.6_1.V1.AL.WP,25Q3,57.1941
Chart_5,SAFE.Q.U2.LAR.A.0.0.0.Q6A_G1.6_2.V1.AL.WP,25Q3,39.9961
Chart_5,SAFE.Q.U2.LAR.A.0.0.0.Q6A_G1.6_3.V1.AL.WP,25Q3,29.078
Chart_5,SAFE.Q.U2.LAR.A.0.0.0.Q6A_G1.6_4.V1.AL.WP,25Q3,21.409
Chart_5,SAFE.Q.U2.LAR.A.0.0.0.Q6A_G1.6_5.V1.AL.WP,25Q3,22.8756
Chart_5,SAFE.Q.U2.SME.A.0.0.0.Q6A_G1.6_1.V1.AL.WP,25Q3,28.4383
Chart_5,SAFE.Q.U2.SME.A.0.0.0.Q6A_G1.6_2.V1.AL.WP,25Q3,34.637
Chart_5,SAFE.Q.U2.SME.A.0.0.0.Q6A_G1.6_3.V1.AL.WP,25Q3,21.0823
Chart_5,SAFE.Q.U2.SME.A.0.0.0.Q6A_G1.6_4.V1.AL.WP,25Q3,18.1263
Chart_5,SAFE.Q.U2.SME.A.0.0.0.Q6A_G1.6_5.V1.AL.WP,25Q3,13.8266
Chart_5,SAFE.Q.U2.ALL.A.0.0.0.Q6A_G1.6_1.V1.AL.WP,25Q4,38.866
Chart_5,SAFE.Q.U2.ALL.A.0.0.0.Q6A_G1.6_2.V1.AL.WP,25Q4,37.1549
Chart_5,SAFE.Q.U2.ALL.A.0.0.0.Q6A_G1.6_3.V1.AL.WP,25Q4,26.6988
Chart_5,SAFE.Q.U2.ALL.A.0.0.0.Q6A_G1.6_4.V1.AL.WP,25Q4,20.7757
Chart_5,SAFE.Q.U2.ALL.A.0.0.0.Q6A_G1.6_5.V1.AL.WP,25Q4,14.3317
Chart_5,SAFE.Q.U2.LAR.A.0.0.0.Q6A_G1.6_1.V1.AL.WP,25Q4,53.4825
Chart_5,SAFE.Q.U2.LAR.A.0.0.0.Q6A_G1.6_2.V1.AL.WP,25Q4,43.1022
Chart_5,SAFE.Q.U2.LAR.A.0.0.0.Q6A_G1.6_3.V1.AL.WP,25Q4,31.8545
Chart_5,SAFE.Q.U2.LAR.A.0.0.0.Q6A_G1.6_4.V1.AL.WP,25Q4,23.5797
Chart_5,SAFE.Q.U2.LAR.A.0.0.0.Q6A_G1.6_5.V1.AL.WP,25Q4,15.8327
Chart_5,SAFE.Q.U2.SME.A.0.0.0.Q6A_G1.6_1.V1.AL.WP,25Q4,30.6859
Chart_5,SAFE.Q.U2.SME.A.0.0.0.Q6A_G1.6_2.V1.AL.WP,25Q4,33.816
Chart_5,SAFE.Q.U2.SME.A.0.0.0.Q6A_G1.6_3.V1.AL.WP,25Q4,23.8106
Chart_5,SAFE.Q.U2.SME.A.0.0.0.Q6A_G1.6_4.V1.AL.WP,25Q4,19.2017
Chart_5,SAFE.Q.U2.SME.A.0.0.0.Q6A_G1.6_5.V1.AL.WP,25Q4,13.487
Chart_5,SAFE.Q.U2.ALL.A.0.0.0.Q6A_G1.6_1.V1.AL.WP,26Q1,36.7558
Chart_5,SAFE.Q.U2.ALL.A.0.0.0.Q6A_G1.6_2.V1.AL.WP,26Q1,39.0439
Chart_5,SAFE.Q.U2.ALL.A.0.0.0.Q6A_G1.6_3.V1.AL.WP,26Q1,24.5406
Chart_5,SAFE.Q.U2.ALL.A.0.0.0.Q6A_G1.6_4.V1.AL.WP,26Q1,19.5229
Chart_5,SAFE.Q.U2.ALL.A.0.0.0.Q6A_G1.6_5.V1.AL.WP,26Q1,15.4522
Chart_5,SAFE.Q.U2.LAR.A.0.0.0.Q6A_G1.6_1.V1.AL.WP,26Q1,49.7963
Chart_5,SAFE.Q.U2.LAR.A.0.0.0.Q6A_G1.6_2.V1.AL.WP,26Q1,47.5117
Chart_5,SAFE.Q.U2.LAR.A.0.0.0.Q6A_G1.6_3.V1.AL.WP,26Q1,28.2965
Chart_5,SAFE.Q.U2.LAR.A.0.0.0.Q6A_G1.6_4.V1.AL.WP,26Q1,19.9606
Chart_5,SAFE.Q.U2.LAR.A.0.0.0.Q6A_G1.6_5.V1.AL.WP,26Q1,19.5961
Chart_5,SAFE.Q.U2.SME.A.0.0.0.Q6A_G1.6_1.V1.AL.WP,26Q1,29.3228
Chart_5,SAFE.Q.U2.SME.A.0.0.0.Q6A_G1.6_2.V1.AL.WP,26Q1,34.2168
Chart_5,SAFE.Q.U2.SME.A.0.0.0.Q6A_G1.6_3.V1.AL.WP,26Q1,22.3987
Chart_5,SAFE.Q.U2.SME.A.0.0.0.Q6A_G1.6_4.V1.AL.WP,26Q1,19.2698
Chart_5,SAFE.Q.U2.SME.A.0.0.0.Q6A_G1.6_5.V1.AL.WP,26Q1,13.0943
Chart_6,SAFE.H.U2.ALL.A.0.0.0.Q23.FBLN.NN.AL.WP,22Q4-Q1,-30.7458
Chart_6,SAFE.H.U2.ALL.A.0.0.0.Q23.FOVD.NN.AL.WP,22Q4-Q1,-25.3665
Chart_6,SAFE.H.U2.ALL.A.0.0.0.Q23.FTCR.NN.AL.WP,22Q4-Q1,-20.8657
Chart_6,SAFE.H.U2.ALL.A.0.0.0.Q9.FBLN.NN.AL.WP,22Q4-Q1,-4.89323
Chart_6,SAFE.H.U2.ALL.A.0.0.0.Q9.FOVD.NN.AL.WP,22Q4-Q1,-2.44333
Chart_6,SAFE.H.U2.ALL.A.0.0.0.Q9.FTCR.NN.AL.WP,22Q4-Q1,-0.54895
Chart_6,SAFE.H.U2.LAR.A.0.0.0.Q23.FBLN.NN.AL.WP,22Q4-Q1,-29.8759
Chart_6,SAFE.H.U2.LAR.A.0.0.0.Q23.FOVD.NN.AL.WP,22Q4-Q1,-24.4762
Chart_6,SAFE.H.U2.LAR.A.0.0.0.Q23.FTCR.NN.AL.WP,22Q4-Q1,-19.2273
Chart_6,SAFE.H.U2.LAR.A.0.0.0.Q9.FBLN.NN.AL.WP,22Q4-Q1,-0.6933
Chart_6,SAFE.H.U2.LAR.A.0.0.0.Q9.FOVD.NN.AL.WP,22Q4-Q1,1.092187
Chart_6,SAFE.H.U2.LAR.A.0.0.0.Q9.FTCR.NN.AL.WP,22Q4-Q1,-0.08469
Chart_6,SAFE.H.U2.SME.A.0.0.0.Q23.FBLN.NN.AL.WP,22Q4-Q1,-31.2979
Chart_6,SAFE.H.U2.SME.A.0.0.0.Q23.FOVD.NN.AL.WP,22Q4-Q1,-25.9745
Chart_6,SAFE.H.U2.SME.A.0.0.0.Q23.FTCR.NN.AL.WP,22Q4-Q1,-21.9066
Chart_6,SAFE.H.U2.SME.A.0.0.0.Q9.FBLN.NN.AL.WP,22Q4-Q1,-7.6263
Chart_6,SAFE.H.U2.SME.A.0.0.0.Q9.FOVD.NN.AL.WP,22Q4-Q1,-4.84545
Chart_6,SAFE.H.U2.SME.A.0.0.0.Q9.FTCR.NN.AL.WP,22Q4-Q1,-0.84447
Chart_6,SAFE.H.U2.ALL.A.0.0.0.Q23.FBLN.NN.AL.WP,23Q2-Q3,-17.1981
Chart_6,SAFE.H.U2.ALL.A.0.0.0.Q23.FOVD.NN.AL.WP,23Q2-Q3,-12.1182
Chart_6,SAFE.H.U2.ALL.A.0.0.0.Q23.FTCR.NN.AL.WP,23Q2-Q3,-9.17245
Chart_6,SAFE.H.U2.ALL.A.0.0.0.Q9.FBLN.NN.AL.WP,23Q2-Q3,-9.76266
Chart_6,SAFE.H.U2.ALL.A.0.0.0.Q9.FOVD.NN.AL.WP,23Q2-Q3,-5.86956
Chart_6,SAFE.H.U2.ALL.A.0.0.0.Q9.FTCR.NN.AL.WP,23Q2-Q3,-1.8669
Chart_6,SAFE.H.U2.LAR.A.0.0.0.Q23.FBLN.NN.AL.WP,23Q2-Q3,-14.3814
Chart_6,SAFE.H.U2.LAR.A.0.0.0.Q23.FOVD.NN.AL.WP,23Q2-Q3,-10.6548
Chart_6,SAFE.H.U2.LAR.A.0.0.0.Q23.FTCR.NN.AL.WP,23Q2-Q3,-8.56657
Chart_6,SAFE.H.U2.LAR.A.0.0.0.Q9.FBLN.NN.AL.WP,23Q2-Q3,-7.66446
Chart_6,SAFE.H.U2.LAR.A.0.0.0.Q9.FOVD.NN.AL.WP,23Q2-Q3,-1.2112
Chart_6,SAFE.H.U2.LAR.A.0.0.0.Q9.FTCR.NN.AL.WP,23Q2-Q3,-1.07148
Chart_6,SAFE.H.U2.SME.A.0.0.0.Q23.FBLN.NN.AL.WP,23Q2-Q3,-19.031
Chart_6,SAFE.H.U2.SME.A.0.0.0.Q23.FOVD.NN.AL.WP,23Q2-Q3,-13.1125
Chart_6,SAFE.H.U2.SME.A.0.0.0.Q23.FTCR.NN.AL.WP,23Q2-Q3,-9.5581
Chart_6,SAFE.H.U2.SME.A.0.0.0.Q9.FBLN.NN.AL.WP,23Q2-Q3,-11.1027
Chart_6,SAFE.H.U2.SME.A.0.0.0.Q9.FOVD.NN.AL.WP,23Q2-Q3,-9.02027
Chart_6,SAFE.H.U2.SME.A.0.0.0.Q9.FTCR.NN.AL.WP,23Q2-Q3,-2.38196
Chart_6,SAFE.H.U2.ALL.A.0.0.0.Q23.FBLN.NN.AL.WP,23Q4-Q1,-17.566
Chart_6,SAFE.H.U2.ALL.A.0.0.0.Q23.FOVD.NN.AL.WP,23Q4-Q1,-15.3066
Chart_6,SAFE.H.U2.ALL.A.0.0.0.Q23.FTCR.NN.AL.WP,23Q4-Q1,-9.88301
Chart_6,SAFE.H.U2.ALL.A.0.0.0.Q9.FBLN.NN.AL.WP,23Q4-Q1,-5.36994
Chart_6,SAFE.H.U2.ALL.A.0.0.0.Q9.FOVD.NN.AL.WP,23Q4-Q1,-3.67222
Chart_6,SAFE.H.U2.ALL.A.0.0.0.Q9.FTCR.NN.AL.WP,23Q4-Q1,0.679521
Chart_6,SAFE.H.U2.LAR.A.0.0.0.Q23.FBLN.NN.AL.WP,23Q4-Q1,-14.4792
Chart_6,SAFE.H.U2.LAR.A.0.0.0.Q23.FOVD.NN.AL.WP,23Q4-Q1,-12.6875
Chart_6,SAFE.H.U2.LAR.A.0.0.0.Q23.FTCR.NN.AL.WP,23Q4-Q1,-7.07782
Chart_6,SAFE.H.U2.LAR.A.0.0.0.Q9.FBLN.NN.AL.WP,23Q4-Q1,-4.91759
Chart_6,SAFE.H.U2.LAR.A.0.0.0.Q9.FOVD.NN.AL.WP,23Q4-Q1,0.130443
Chart_6,SAFE.H.U2.LAR.A.0.0.0.Q9.FTCR.NN.AL.WP,23Q4-Q1,2.105076
Chart_6,SAFE.H.U2.SME.A.0.0.0.Q23.FBLN.NN.AL.WP,23Q4-Q1,-19.5375
Chart_6,SAFE.H.U2.SME.A.0.0.0.Q23.FOVD.NN.AL.WP,23Q4-Q1,-17.0781
Chart_6,SAFE.H.U2.SME.A.0.0.0.Q23.FTCR.NN.AL.WP,23Q4-Q1,-11.6995
Chart_6,SAFE.H.U2.SME.A.0.0.0.Q9.FBLN.NN.AL.WP,23Q4-Q1,-5.68457
Chart_6,SAFE.H.U2.SME.A.0.0.0.Q9.FOVD.NN.AL.WP,23Q4-Q1,-6.1811
Chart_6,SAFE.H.U2.SME.A.0.0.0.Q9.FTCR.NN.AL.WP,23Q4-Q1,-0.24388
Chart_6,SAFE.H.U2.ALL.A.0.0.0.Q23.FBLN.NN.AL.WP,24Q2-Q3,-0.12543
Chart_6,SAFE.H.U2.ALL.A.0.0.0.Q23.FOVD.NN.AL.WP,24Q2-Q3,-0.07586
Chart_6,SAFE.H.U2.ALL.A.0.0.0.Q23.FTCR.NN.AL.WP,24Q2-Q3,-1.36786
Chart_6,SAFE.H.U2.ALL.A.0.0.0.Q9.FBLN.NN.AL.WP,24Q2-Q3,0.056484
Chart_6,SAFE.H.U2.ALL.A.0.0.0.Q9.FOVD.NN.AL.WP,24Q2-Q3,-3.113987
Chart_6,SAFE.H.U2.ALL.A.0.0.0.Q9.FTCR.NN.AL.WP,24Q2-Q3,1.980243
Chart_6,SAFE.H.U2.LAR.A.0.0.0.Q23.FBLN.NN.AL.WP,24Q2-Q3,1.806
Chart_6,SAFE.H.U2.LAR.A.0.0.0.Q23.FOVD.NN.AL.WP,24Q2-Q3,3.796157
Chart_6,SAFE.H.U2.LAR.A.0.0.0.Q23.FTCR.NN.AL.WP,24Q2-Q3,-2.49417
Chart_6,SAFE.H.U2.LAR.A.0.0.0.Q9.FBLN.NN.AL.WP,24Q2-Q3,1.918203
Chart_6,SAFE.H.U2.LAR.A.0.0.0.Q9.FOVD.NN.AL.WP,24Q2-Q3,-2.870932
Chart_6,SAFE.H.U2.LAR.A.0.0.0.Q9.FTCR.NN.AL.WP,24Q2-Q3,2.560983
Chart_6,SAFE.H.U2.SME.A.0.0.0.Q23.FBLN.NN.AL.WP,24Q2-Q3,-1.46883
Chart_6,SAFE.H.U2.SME.A.0.0.0.Q23.FOVD.NN.AL.WP,24Q2-Q3,-2.63051
Chart_6,SAFE.H.U2.SME.A.0.0.0.Q23.FTCR.NN.AL.WP,24Q2-Q3,-0.63829
Chart_6,SAFE.H.U2.SME.A.0.0.0.Q9.FBLN.NN.AL.WP,24Q2-Q3,-1.128968
Chart_6,SAFE.H.U2.SME.A.0.0.0.Q9.FOVD.NN.AL.WP,24Q2-Q3,-3.264434
Chart_6,SAFE.H.U2.SME.A.0.0.0.Q9.FTCR.NN.AL.WP,24Q2-Q3,1.571019
Chart_6,SAFE.H.U2.ALL.A.0.0.0.Q23.FBLN.NN.AL.WP,24Q4-Q1,0.021474
Chart_6,SAFE.H.U2.ALL.A.0.0.0.Q23.FOVD.NN.AL.WP,24Q4-Q1,-3.972982
Chart_6,SAFE.H.U2.ALL.A.0.0.0.Q23.FTCR.NN.AL.WP,24Q4-Q1,-0.151226
Chart_6,SAFE.H.U2.ALL.A.0.0.0.Q9.FBLN.NN.AL.WP,24Q4-Q1,1.511975
Chart_6,SAFE.H.U2.ALL.A.0.0.0.Q9.FOVD.NN.AL.WP,24Q4-Q1,-1.251326
Chart_6,SAFE.H.U2.ALL.A.0.0.0.Q9.FTCR.NN.AL.WP,24Q4-Q1,1.173725
Chart_6,SAFE.H.U2.LAR.A.0.0.0.Q23.FBLN.NN.AL.WP,24Q4-Q1,-1.022887
Chart_6,SAFE.H.U2.LAR.A.0.0.0.Q23.FOVD.NN.AL.WP,24Q4-Q1,-6.827581
Chart_6,SAFE.H.U2.LAR.A.0.0.0.Q23.FTCR.NN.AL.WP,24Q4-Q1,-0.631339
Chart_6,SAFE.H.U2.LAR.A.0.0.0.Q9.FBLN.NN.AL.WP,24Q4-Q1,5.132884
Chart_6,SAFE.H.U2.LAR.A.0.0.0.Q9.FOVD.NN.AL.WP,24Q4-Q1,0.382751
Chart_6,SAFE.H.U2.LAR.A.0.0.0.Q9.FTCR.NN.AL.WP,24Q4-Q1,-0.601223
Chart_6,SAFE.H.U2.SME.A.0.0.0.Q23.FBLN.NN.AL.WP,24Q4-Q1,0.686471
Chart_6,SAFE.H.U2.SME.A.0.0.0.Q23.FOVD.NN.AL.WP,24Q4-Q1,-2.206041
Chart_6,SAFE.H.U2.SME.A.0.0.0.Q23.FTCR.NN.AL.WP,24Q4-Q1,0.18709
Chart_6,SAFE.H.U2.SME.A.0.0.0.Q9.FBLN.NN.AL.WP,24Q4-Q1,-0.787195
Chart_6,SAFE.H.U2.SME.A.0.0.0.Q9.FOVD.NN.AL.WP,24Q4-Q1,-2.368324
Chart_6,SAFE.H.U2.SME.A.0.0.0.Q9.FTCR.NN.AL.WP,24Q4-Q1,2.373725
Chart_6,SAFE.H.U2.ALL.A.0.0.0.Q23.FBLN.NN.AL.WP,25Q2-Q3,6.289565
Chart_6,SAFE.H.U2.ALL.A.0.0.0.Q23.FOVD.NN.AL.WP,25Q2-Q3,4.701118
Chart_6,SAFE.H.U2.ALL.A.0.0.0.Q23.FTCR.NN.AL.WP,25Q2-Q3,-0.761064
Chart_6,SAFE.H.U2.ALL.A.0.0.0.Q9.FBLN.NN.AL.WP,25Q2-Q3,3.079536
Chart_6,SAFE.H.U2.ALL.A.0.0.0.Q9.FOVD.NN.AL.WP,25Q2-Q3,2.167169
Chart_6,SAFE.H.U2.ALL.A.0.0.0.Q9.FTCR.NN.AL.WP,25Q2-Q3,4.600081
Chart_6,SAFE.H.U2.LAR.A.0.0.0.Q23.FBLN.NN.AL.WP,25Q2-Q3,11.110192
Chart_6,SAFE.H.U2.LAR.A.0.0.0.Q23.FOVD.NN.AL.WP,25Q2-Q3,8.387036
Chart_6,SAFE.H.U2.LAR.A.0.0.0.Q23.FTCR.NN.AL.WP,25Q2-Q3,-5.051499
Chart_6,SAFE.H.U2.LAR.A.0.0.0.Q9.FBLN.NN.AL.WP,25Q2-Q3,9.907191
Chart_6,SAFE.H.U2.LAR.A.0.0.0.Q9.FOVD.NN.AL.WP,25Q2-Q3,6.073968
Chart_6,SAFE.H.U2.LAR.A.0.0.0.Q9.FTCR.NN.AL.WP,25Q2-Q3,7.682441
Chart_6,SAFE.H.U2.SME.A.0.0.0.Q23.FBLN.NN.AL.WP,25Q2-Q3,3.228609
Chart_6,SAFE.H.U2.SME.A.0.0.0.Q23.FOVD.NN.AL.WP,25Q2-Q3,2.181552
Chart_6,SAFE.H.U2.SME.A.0.0.0.Q23.FTCR.NN.AL.WP,25Q2-Q3,2.139596
Chart_6,SAFE.H.U2.SME.A.0.0.0.Q9.FBLN.NN.AL.WP,25Q2-Q3,-1.382695
Chart_6,SAFE.H.U2.SME.A.0.0.0.Q9.FOVD.NN.AL.WP,25Q2-Q3,-0.394219
Chart_6,SAFE.H.U2.SME.A.0.0.0.Q9.FTCR.NN.AL.WP,25Q2-Q3,2.598736
Chart_6,SAFE.H.U2.ALL.A.0.0.0.Q23.FBLN.NN.AL.WP,25Q4-Q1,2.609281
Chart_6,SAFE.H.U2.ALL.A.0.0.0.Q23.FOVD.NN.AL.WP,25Q4-Q1,3.542471
Chart_6,SAFE.H.U2.ALL.A.0.0.0.Q23.FTCR.NN.AL.WP,25Q4-Q1,4.836977
Chart_6,SAFE.H.U2.ALL.A.0.0.0.Q9.FBLN.NN.AL.WP,25Q4-Q1,-2.546235
Chart_6,SAFE.H.U2.ALL.A.0.0.0.Q9.FOVD.NN.AL.WP,25Q4-Q1,-2.581693
Chart_6,SAFE.H.U2.ALL.A.0.0.0.Q9.FTCR.NN.AL.WP,25Q4-Q1,2.180373
Chart_6,SAFE.H.U2.LAR.A.0.0.0.Q23.FBLN.NN.AL.WP,25Q4-Q1,8.327279
Chart_6,SAFE.H.U2.LAR.A.0.0.0.Q23.FOVD.NN.AL.WP,25Q4-Q1,10.545418
Chart_6,SAFE.H.U2.LAR.A.0.0.0.Q23.FTCR.NN.AL.WP,25Q4-Q1,9.878694
Chart_6,SAFE.H.U2.LAR.A.0.0.0.Q9.FBLN.NN.AL.WP,25Q4-Q1,1.073682
Chart_6,SAFE.H.U2.LAR.A.0.0.0.Q9.FOVD.NN.AL.WP,25Q4-Q1,-1.034265
Chart_6,SAFE.H.U2.LAR.A.0.0.0.Q9.FTCR.NN.AL.WP,25Q4-Q1,2.102484
Chart_6,SAFE.H.U2.SME.A.0.0.0.Q23.FBLN.NN.AL.WP,25Q4-Q1,-1.12773
Chart_6,SAFE.H.U2.SME.A.0.0.0.Q23.FOVD.NN.AL.WP,25Q4-Q1,-1.048822
Chart_6,SAFE.H.U2.SME.A.0.0.0.Q23.FTCR.NN.AL.WP,25Q4-Q1,1.563442
Chart_6,SAFE.H.U2.SME.A.0.0.0.Q9.FBLN.NN.AL.WP,25Q4-Q1,-4.732055
Chart_6,SAFE.H.U2.SME.A.0.0.0.Q9.FOVD.NN.AL.WP,25Q4-Q1,-3.532153
Chart_6,SAFE.H.U2.SME.A.0.0.0.Q9.FTCR.NN.AL.WP,25Q4-Q1,2.228939
Chart_6,SAFE.H.U2.ALL.A.0.0.0.Q23.FBLN.NN.AL.WP,26Q2-Q3,-3.068785
Chart_6,SAFE.H.U2.ALL.A.0.0.0.Q23.FOVD.NN.AL.WP,26Q2-Q3,-2.009996
Chart_6,SAFE.H.U2.ALL.A.0.0.0.Q23.FTCR.NN.AL.WP,26Q2-Q3,-0.909454
Chart_6,SAFE.H.U2.LAR.A.0.0.0.Q23.FBLN.NN.AL.WP,26Q2-Q3,-1.92136
Chart_6,SAFE.H.U2.LAR.A.0.0.0.Q23.FOVD.NN.AL.WP,26Q2-Q3,1.779228
Chart_6,SAFE.H.U2.LAR.A.0.0.0.Q23.FTCR.NN.AL.WP,26Q2-Q3,-2.25354
Chart_6,SAFE.H.U2.SME.A.0.0.0.Q23.FBLN.NN.AL.WP,26Q2-Q3,-3.761637
Chart_6,SAFE.H.U2.SME.A.0.0.0.Q23.FOVD.NN.AL.WP,26Q2-Q3,-4.337414
Chart_6,SAFE.H.U2.SME.A.0.0.0.Q23.FTCR.NN.AL.WP,26Q2-Q3,-0.0714
Chart_6,SAFE.H.U2.ALL.A.0.0.0.Q9.FBLN.NN.AL.WP,24Q2,1.85565942353863
Chart_6,SAFE.H.U2.ALL.A.0.0.0.Q9.FOVD.NN.AL.WP,24Q2,-0.820749086444068
Chart_6,SAFE.H.U2.ALL.A.0.0.0.Q9.FTCR.NN.AL.WP,24Q2,2.11490811897503
Chart_6,SAFE.H.U2.LAR.A.0.0.0.Q9.FBLN.NN.AL.WP,24Q2,3.9683335990347
Chart_6,SAFE.H.U2.LAR.A.0.0.0.Q9.FOVD.NN.AL.WP,24Q2,0.348637331418036
Chart_6,SAFE.H.U2.LAR.A.0.0.0.Q9.FTCR.NN.AL.WP,24Q2,4.42215330062778
Chart_6,SAFE.H.U2.SME.A.0.0.0.Q9.FBLN.NN.AL.WP,24Q2,0.354439321811615
Chart_6,SAFE.H.U2.SME.A.0.0.0.Q9.FOVD.NN.AL.WP,24Q2,-1.59215781328141
Chart_6,SAFE.H.U2.SME.A.0.0.0.Q9.FTCR.NN.AL.WP,24Q2,0.704466538323526
Chart_6,SAFE.H.U2.ALL.A.0.0.0.Q23.FBLN.NN.AL.WP,24Q3,6.55239296135613
Chart_6,SAFE.H.U2.ALL.A.0.0.0.Q23.FOVD.NN.AL.WP,24Q3,5.50369958083516
Chart_6,SAFE.H.U2.ALL.A.0.0.0.Q23.FTCR.NN.AL.WP,24Q3,3.90845992194221
Chart_6,SAFE.H.U2.ALL.A.0.0.0.Q9.FBLN.NN.AL.WP,24Q3,1.036208
Chart_6,SAFE.H.U2.ALL.A.0.0.0.Q9.FOVD.NN.AL.WP,24Q3,-1.658452
Chart_6,SAFE.H.U2.ALL.A.0.0.0.Q9.FTCR.NN.AL.WP,24Q3,2.516229
Chart_6,SAFE.H.U2.LAR.A.0.0.0.Q23.FBLN.NN.AL.WP,24Q3,8.77547416024294
Chart_6,SAFE.H.U2.LAR.A.0.0.0.Q23.FOVD.NN.AL.WP,24Q3,7.49610900360797
Chart_6,SAFE.H.U2.LAR.A.0.0.0.Q23.FTCR.NN.AL.WP,24Q3,2.10516658558984
Chart_6,SAFE.H.U2.LAR.A.0.0.0.Q9.FBLN.NN.AL.WP,24Q3,2.014413
Chart_6,SAFE.H.U2.LAR.A.0.0.0.Q9.FOVD.NN.AL.WP,24Q3,-0.97829
Chart_6,SAFE.H.U2.LAR.A.0.0.0.Q9.FTCR.NN.AL.WP,24Q3,4.294121
Chart_6,SAFE.H.U2.SME.A.0.0.0.Q23.FBLN.NN.AL.WP,24Q3,4.97272004148583
Chart_6,SAFE.H.U2.SME.A.0.0.0.Q23.FOVD.NN.AL.WP,24Q3,4.18936755791852
Chart_6,SAFE.H.U2.SME.A.0.0.0.Q23.FTCR.NN.AL.WP,24Q3,5.01083080299495
Chart_6,SAFE.H.U2.SME.A.0.0.0.Q9.FBLN.NN.AL.WP,24Q3,0.417765
Chart_6,SAFE.H.U2.SME.A.0.0.0.Q9.FOVD.NN.AL.WP,24Q3,-2.089127
Chart_6,SAFE.H.U2.SME.A.0.0.0.Q9.FTCR.NN.AL.WP,24Q3,1.353233
Chart_6,SAFE.H.U2.ALL.A.0.0.0.Q23.FBLN.NN.AL.WP,24Q4,2.437234
Chart_6,SAFE.H.U2.ALL.A.0.0.0.Q23.FOVD.NN.AL.WP,24Q4,1.529171
Chart_6,SAFE.H.U2.ALL.A.0.0.0.Q23.FTCR.NN.AL.WP,24Q4,0.677138
Chart_6,SAFE.H.U2.ALL.A.0.0.0.Q9.FBLN.NN.AL.WP,24Q4,-2.087681
Chart_6,SAFE.H.U2.ALL.A.0.0.0.Q9.FOVD.NN.AL.WP,24Q4,-1.160325
Chart_6,SAFE.H.U2.ALL.A.0.0.0.Q9.FTCR.NN.AL.WP,24Q4,2.900959
Chart_6,SAFE.H.U2.LAR.A.0.0.0.Q23.FBLN.NN.AL.WP,24Q4,6.180633
Chart_6,SAFE.H.U2.LAR.A.0.0.0.Q23.FOVD.NN.AL.WP,24Q4,6.225875
Chart_6,SAFE.H.U2.LAR.A.0.0.0.Q23.FTCR.NN.AL.WP,24Q4,1.697021
Chart_6,SAFE.H.U2.LAR.A.0.0.0.Q9.FBLN.NN.AL.WP,24Q4,-0.903399
Chart_6,SAFE.H.U2.LAR.A.0.0.0.Q9.FOVD.NN.AL.WP,24Q4,-1.624986
Chart_6,SAFE.H.U2.LAR.A.0.0.0.Q9.FTCR.NN.AL.WP,24Q4,1.799783
Chart_6,SAFE.H.U2.SME.A.0.0.0.Q23.FBLN.NN.AL.WP,24Q4,0.070569
Chart_6,SAFE.H.U2.SME.A.0.0.0.Q23.FOVD.NN.AL.WP,24Q4,-1.444756
Chart_6,SAFE.H.U2.SME.A.0.0.0.Q23.FTCR.NN.AL.WP,24Q4,0.009988
Chart_6,SAFE.H.U2.SME.A.0.0.0.Q9.FBLN.NN.AL.WP,24Q4,-2.795794
Chart_6,SAFE.H.U2.SME.A.0.0.0.Q9.FOVD.NN.AL.WP,24Q4,-0.855861
Chart_6,SAFE.H.U2.SME.A.0.0.0.Q9.FTCR.NN.AL.WP,24Q4,3.622816
Chart_6,SAFE.H.U2.ALL.A.0.0.0.Q23.FBLN.NN.AL.WP,25Q1,2.077771
Chart_6,SAFE.H.U2.ALL.A.0.0.0.Q23.FOVD.NN.AL.WP,25Q1,1.413879
Chart_6,SAFE.H.U2.ALL.A.0.0.0.Q23.FTCR.NN.AL.WP,25Q1,0.109189
Chart_6,SAFE.H.U2.ALL.A.0.0.0.Q9.FBLN.NN.AL.WP,25Q1,-1.449491
Chart_6,SAFE.H.U2.ALL.A.0.0.0.Q9.FOVD.NN.AL.WP,25Q1,-0.667683
Chart_6,SAFE.H.U2.ALL.A.0.0.0.Q9.FTCR.NN.AL.WP,25Q1,3.457752
Chart_6,SAFE.H.U2.LAR.A.0.0.0.Q23.FBLN.NN.AL.WP,25Q1,8.009142
Chart_6,SAFE.H.U2.LAR.A.0.0.0.Q23.FOVD.NN.AL.WP,25Q1,4.802861
Chart_6,SAFE.H.U2.LAR.A.0.0.0.Q23.FTCR.NN.AL.WP,25Q1,-1.520678
Chart_6,SAFE.H.U2.LAR.A.0.0.0.Q9.FBLN.NN.AL.WP,25Q1,-0.448604
Chart_6,SAFE.H.U2.LAR.A.0.0.0.Q9.FOVD.NN.AL.WP,25Q1,0.917101
Chart_6,SAFE.H.U2.LAR.A.0.0.0.Q9.FTCR.NN.AL.WP,25Q1,4.041184
Chart_6,SAFE.H.U2.SME.A.0.0.0.Q23.FBLN.NN.AL.WP,25Q1,-1.468751
Chart_6,SAFE.H.U2.SME.A.0.0.0.Q23.FOVD.NN.AL.WP,25Q1,-0.806712
Chart_6,SAFE.H.U2.SME.A.0.0.0.Q23.FTCR.NN.AL.WP,25Q1,1.17762
Chart_6,SAFE.H.U2.SME.A.0.0.0.Q9.FBLN.NN.AL.WP,25Q1,-2.080679
Chart_6,SAFE.H.U2.SME.A.0.0.0.Q9.FOVD.NN.AL.WP,25Q1,-1.697724
Chart_6,SAFE.H.U2.SME.A.0.0.0.Q9.FTCR.NN.AL.WP,25Q1,3.013911
Chart_6,SAFE.H.U2.ALL.A.0.0.0.Q23.FBLN.NN.AL.WP,25Q2,1.788556
Chart_6,SAFE.H.U2.ALL.A.0.0.0.Q23.FOVD.NN.AL.WP,25Q2,2.737598
Chart_6,SAFE.H.U2.ALL.A.0.0.0.Q23.FTCR.NN.AL.WP,25Q2,-0.128593
Chart_6,SAFE.H.U2.ALL.A.0.0.0.Q9.FBLN.NN.AL.WP,25Q2,1.276063
Chart_6,SAFE.H.U2.ALL.A.0.0.0.Q9.FOVD.NN.AL.WP,25Q2,1.503981
Chart_6,SAFE.H.U2.ALL.A.0.0.0.Q9.FTCR.NN.AL.WP,25Q2,4.526452
Chart_6,SAFE.H.U2.LAR.A.0.0.0.Q23.FBLN.NN.AL.WP,25Q2,1.335425
Chart_6,SAFE.H.U2.LAR.A.0.0.0.Q23.FOVD.NN.AL.WP,25Q2,2.891158
Chart_6,SAFE.H.U2.LAR.A.0.0.0.Q23.FTCR.NN.AL.WP,25Q2,-5.103737
Chart_6,SAFE.H.U2.LAR.A.0.0.0.Q9.FBLN.NN.AL.WP,25Q2,1.493956
Chart_6,SAFE.H.U2.LAR.A.0.0.0.Q9.FOVD.NN.AL.WP,25Q2,3.021956
Chart_6,SAFE.H.U2.LAR.A.0.0.0.Q9.FTCR.NN.AL.WP,25Q2,7.263792
Chart_6,SAFE.H.U2.SME.A.0.0.0.Q23.FBLN.NN.AL.WP,25Q2,2.074313
Chart_6,SAFE.H.U2.SME.A.0.0.0.Q23.FOVD.NN.AL.WP,25Q2,2.63779
Chart_6,SAFE.H.U2.SME.A.0.0.0.Q23.FTCR.NN.AL.WP,25Q2,3.656206
Chart_6,SAFE.H.U2.SME.A.0.0.0.Q9.FBLN.NN.AL.WP,25Q2,1.144665
Chart_6,SAFE.H.U2.SME.A.0.0.0.Q9.FOVD.NN.AL.WP,25Q2,0.53145
Chart_6,SAFE.H.U2.SME.A.0.0.0.Q9.FTCR.NN.AL.WP,25Q2,2.757969
Chart_6,SAFE.H.U2.ALL.A.0.0.0.Q23.FBLN.NN.AL.WP,25Q3,4.414908
Chart_6,SAFE.H.U2.ALL.A.0.0.0.Q23.FOVD.NN.AL.WP,25Q3,5.093447
Chart_6,SAFE.H.U2.ALL.A.0.0.0.Q23.FTCR.NN.AL.WP,25Q3,3.229452
Chart_6,SAFE.H.U2.ALL.A.0.0.0.Q9.FBLN.NN.AL.WP,25Q3,-0.824518
Chart_6,SAFE.H.U2.ALL.A.0.0.0.Q9.FOVD.NN.AL.WP,25Q3,0.928749
Chart_6,SAFE.H.U2.ALL.A.0.0.0.Q9.FTCR.NN.AL.WP,25Q3,2.351633
Chart_6,SAFE.H.U2.LAR.A.0.0.0.Q23.FBLN.NN.AL.WP,25Q3,7.164287
Chart_6,SAFE.H.U2.LAR.A.0.0.0.Q23.FOVD.NN.AL.WP,25Q3,9.721024
Chart_6,SAFE.H.U2.LAR.A.0.0.0.Q23.FTCR.NN.AL.WP,25Q3,5.440144
Chart_6,SAFE.H.U2.LAR.A.0.0.0.Q9.FBLN.NN.AL.WP,25Q3,0.311696
Chart_6,SAFE.H.U2.LAR.A.0.0.0.Q9.FOVD.NN.AL.WP,25Q3,2.667839
Chart_6,SAFE.H.U2.LAR.A.0.0.0.Q9.FTCR.NN.AL.WP,25Q3,4.659126
Chart_6,SAFE.H.U2.SME.A.0.0.0.Q23.FBLN.NN.AL.WP,25Q3,2.756915
Chart_6,SAFE.H.U2.SME.A.0.0.0.Q23.FOVD.NN.AL.WP,25Q3,2.128665
Chart_6,SAFE.H.U2.SME.A.0.0.0.Q23.FTCR.NN.AL.WP,25Q3,1.801215
Chart_6,SAFE.H.U2.SME.A.0.0.0.Q9.FBLN.NN.AL.WP,25Q3,-1.590405
Chart_6,SAFE.H.U2.SME.A.0.0.0.Q9.FOVD.NN.AL.WP,25Q3,-0.249994
Chart_6,SAFE.H.U2.SME.A.0.0.0.Q9.FTCR.NN.AL.WP,25Q3,0.940064
Chart_6,SAFE.H.U2.ALL.A.0.0.0.Q23.FBLN.NN.AL.WP,25Q4,0.443249
Chart_6,SAFE.H.U2.ALL.A.0.0.0.Q23.FOVD.NN.AL.WP,25Q4,0.690036
Chart_6,SAFE.H.U2.ALL.A.0.0.0.Q23.FTCR.NN.AL.WP,25Q4,1.444661
Chart_6,SAFE.H.U2.ALL.A.0.0.0.Q9.FBLN.NN.AL.WP,25Q4,-2.479498
Chart_6,SAFE.H.U2.ALL.A.0.0.0.Q9.FOVD.NN.AL.WP,25Q4,-0.846885
Chart_6,SAFE.H.U2.ALL.A.0.0.0.Q9.FTCR.NN.AL.WP,25Q4,0.762994
Chart_6,SAFE.H.U2.LAR.A.0.0.0.Q23.FBLN.NN.AL.WP,25Q4,1.357036
Chart_6,SAFE.H.U2.LAR.A.0.0.0.Q23.FOVD.NN.AL.WP,25Q4,-0.221373
Chart_6,SAFE.H.U2.LAR.A.0.0.0.Q23.FTCR.NN.AL.WP,25Q4,2.245888
Chart_6,SAFE.H.U2.LAR.A.0.0.0.Q9.FBLN.NN.AL.WP,25Q4,-3.158035
Chart_6,SAFE.H.U2.LAR.A.0.0.0.Q9.FOVD.NN.AL.WP,25Q4,2.096854
Chart_6,SAFE.H.U2.LAR.A.0.0.0.Q9.FTCR.NN.AL.WP,25Q4,-1.234439
Chart_6,SAFE.H.U2.SME.A.0.0.0.Q23.FBLN.NN.AL.WP,25Q4,-0.172707
Chart_6,SAFE.H.U2.SME.A.0.0.0.Q23.FOVD.NN.AL.WP,25Q4,1.307782
Chart_6,SAFE.H.U2.SME.A.0.0.0.Q23.FTCR.NN.AL.WP,25Q4,0.954525
Chart_6,SAFE.H.U2.SME.A.0.0.0.Q9.FBLN.NN.AL.WP,25Q4,-2.026589
Chart_6,SAFE.H.U2.SME.A.0.0.0.Q9.FOVD.NN.AL.WP,25Q4,-2.810271
Chart_6,SAFE.H.U2.SME.A.0.0.0.Q9.FTCR.NN.AL.WP,25Q4,2.107765
Chart_6,SAFE.H.U2.ALL.A.0.0.0.Q23.FBLN.NN.AL.WP,26Q1,-0.999894
Chart_6,SAFE.H.U2.ALL.A.0.0.0.Q23.FOVD.NN.AL.WP,26Q1,-0.671724
Chart_6,SAFE.H.U2.ALL.A.0.0.0.Q23.FTCR.NN.AL.WP,26Q1,0.315604
Chart_6,SAFE.H.U2.ALL.A.0.0.0.Q9.FBLN.NN.AL.WP,26Q1,-2.544108
Chart_6,SAFE.H.U2.ALL.A.0.0.0.Q9.FOVD.NN.AL.WP,26Q1,-3.243949
Chart_6,SAFE.H.U2.ALL.A.0.0.0.Q9.FTCR.NN.AL.WP,26Q1,3.516426
Chart_6,SAFE.H.U2.LAR.A.0.0.0.Q23.FBLN.NN.AL.WP,26Q1,-2.129407
Chart_6,SAFE.H.U2.LAR.A.0.0.0.Q23.FOVD.NN.AL.WP,26Q1,0.73809
Chart_6,SAFE.H.U2.LAR.A.0.0.0.Q23.FTCR.NN.AL.WP,26Q1,-2.901756
Chart_6,SAFE.H.U2.LAR.A.0.0.0.Q9.FBLN.NN.AL.WP,26Q1,-2.176054
Chart_6,SAFE.H.U2.LAR.A.0.0.0.Q9.FOVD.NN.AL.WP,26Q1,-3.628826
Chart_6,SAFE.H.U2.LAR.A.0.0.0.Q9.FTCR.NN.AL.WP,26Q1,5.0842
Chart_6,SAFE.H.U2.SME.A.0.0.0.Q23.FBLN.NN.AL.WP,26Q1,-0.245968
Chart_6,SAFE.H.U2.SME.A.0.0.0.Q23.FOVD.NN.AL.WP,26Q1,-1.612028
Chart_6,SAFE.H.U2.SME.A.0.0.0.Q23.FTCR.NN.AL.WP,26Q1,2.481691
Chart_6,SAFE.H.U2.SME.A.0.0.0.Q9.FBLN.NN.AL.WP,26Q1,-2.797447
Chart_6,SAFE.H.U2.SME.A.0.0.0.Q9.FOVD.NN.AL.WP,26Q1,-2.987338
Chart_6,SAFE.H.U2.SME.A.0.0.0.Q9.FTCR.NN.AL.WP,26Q1,2.487796
Chart_6,SAFE.H.U2.ALL.A.0.0.0.Q23.FBLN.NN.AL.WP,26Q2,-3.775563
Chart_6,SAFE.H.U2.ALL.A.0.0.0.Q23.FOVD.NN.AL.WP,26Q2,-3.846445
Chart_6,SAFE.H.U2.ALL.A.0.0.0.Q23.FTCR.NN.AL.WP,26Q2,-0.143398
Chart_6,SAFE.H.U2.LAR.A.0.0.0.Q23.FBLN.NN.AL.WP,26Q2,-2.590497
Chart_6,SAFE.H.U2.LAR.A.0.0.0.Q23.FOVD.NN.AL.WP,26Q2,-5.233563
Chart_6,SAFE.H.U2.LAR.A.0.0.0.Q23.FTCR.NN.AL.WP,26Q2,1.114278
Chart_6,SAFE.H.U2.SME.A.0.0.0.Q23.FBLN.NN.AL.WP,26Q2,-4.591271
Chart_6,SAFE.H.U2.SME.A.0.0.0.Q23.FOVD.NN.AL.WP,26Q2,-2.921606
Chart_6,SAFE.H.U2.SME.A.0.0.0.Q23.FTCR.NN.AL.WP,26Q2,-0.96857
Chart_6,SAFE.Q.U2.ALL.A.0.0.0.Q9_G1.FBLN.NN.AL.WP,24Q2,1.85565942353863
Chart_6,SAFE.Q.U2.ALL.A.0.0.0.Q9_G1.FOVD.NN.AL.WP,24Q2,-0.820749086444068
Chart_6,SAFE.Q.U2.ALL.A.0.0.0.Q9_G1.FTCR.NN.AL.WP,24Q2,2.11490811897503
Chart_6,SAFE.Q.U2.LAR.A.0.0.0.Q9_G1.FBLN.NN.AL.WP,24Q2,3.9683335990347
Chart_6,SAFE.Q.U2.LAR.A.0.0.0.Q9_G1.FOVD.NN.AL.WP,24Q2,0.348637331418036
Chart_6,SAFE.Q.U2.LAR.A.0.0.0.Q9_G1.FTCR.NN.AL.WP,24Q2,4.42215330062778
Chart_6,SAFE.Q.U2.SME.A.0.0.0.Q9_G1.FBLN.NN.AL.WP,24Q2,0.354439321811615
Chart_6,SAFE.Q.U2.SME.A.0.0.0.Q9_G1.FOVD.NN.AL.WP,24Q2,-1.59215781328141
Chart_6,SAFE.Q.U2.SME.A.0.0.0.Q9_G1.FTCR.NN.AL.WP,24Q2,0.704466538323526
Chart_6,SAFE.Q.U2.ALL.A.0.0.0.Q23_G1.FBLN.NN.AL.WP,24Q3,6.55239296135613
Chart_6,SAFE.Q.U2.ALL.A.0.0.0.Q23_G1.FOVD.NN.AL.WP,24Q3,5.50369958083516
Chart_6,SAFE.Q.U2.ALL.A.0.0.0.Q23_G1.FTCR.NN.AL.WP,24Q3,3.90845992194221
Chart_6,SAFE.Q.U2.ALL.A.0.0.0.Q9_G1.FBLN.NN.AL.WP,24Q3,1.036208
Chart_6,SAFE.Q.U2.ALL.A.0.0.0.Q9_G1.FOVD.NN.AL.WP,24Q3,-1.658452
Chart_6,SAFE.Q.U2.ALL.A.0.0.0.Q9_G1.FTCR.NN.AL.WP,24Q3,2.516229
Chart_6,SAFE.Q.U2.LAR.A.0.0.0.Q23_G1.FBLN.NN.AL.WP,24Q3,8.77547416024294
Chart_6,SAFE.Q.U2.LAR.A.0.0.0.Q23_G1.FOVD.NN.AL.WP,24Q3,7.49610900360797
Chart_6,SAFE.Q.U2.LAR.A.0.0.0.Q23_G1.FTCR.NN.AL.WP,24Q3,2.10516658558984
Chart_6,SAFE.Q.U2.LAR.A.0.0.0.Q9_G1.FBLN.NN.AL.WP,24Q3,2.014413
Chart_6,SAFE.Q.U2.LAR.A.0.0.0.Q9_G1.FOVD.NN.AL.WP,24Q3,-0.97829
Chart_6,SAFE.Q.U2.LAR.A.0.0.0.Q9_G1.FTCR.NN.AL.WP,24Q3,4.294121
Chart_6,SAFE.Q.U2.SME.A.0.0.0.Q23_G1.FBLN.NN.AL.WP,24Q3,4.97272004148583
Chart_6,SAFE.Q.U2.SME.A.0.0.0.Q23_G1.FOVD.NN.AL.WP,24Q3,4.18936755791852
Chart_6,SAFE.Q.U2.SME.A.0.0.0.Q23_G1.FTCR.NN.AL.WP,24Q3,5.01083080299495
Chart_6,SAFE.Q.U2.SME.A.0.0.0.Q9_G1.FBLN.NN.AL.WP,24Q3,0.417765
Chart_6,SAFE.Q.U2.SME.A.0.0.0.Q9_G1.FOVD.NN.AL.WP,24Q3,-2.089127
Chart_6,SAFE.Q.U2.SME.A.0.0.0.Q9_G1.FTCR.NN.AL.WP,24Q3,1.353233
Chart_6,SAFE.Q.U2.ALL.A.0.0.0.Q23_G1.FBLN.NN.AL.WP,24Q4,2.437234
Chart_6,SAFE.Q.U2.ALL.A.0.0.0.Q23_G1.FOVD.NN.AL.WP,24Q4,1.529171
Chart_6,SAFE.Q.U2.ALL.A.0.0.0.Q23_G1.FTCR.NN.AL.WP,24Q4,0.677138
Chart_6,SAFE.Q.U2.ALL.A.0.0.0.Q9_G1.FBLN.NN.AL.WP,24Q4,-2.087681
Chart_6,SAFE.Q.U2.ALL.A.0.0.0.Q9_G1.FOVD.NN.AL.WP,24Q4,-1.160325
Chart_6,SAFE.Q.U2.ALL.A.0.0.0.Q9_G1.FTCR.NN.AL.WP,24Q4,2.900959
Chart_6,SAFE.Q.U2.LAR.A.0.0.0.Q23_G1.FBLN.NN.AL.WP,24Q4,6.180633
Chart_6,SAFE.Q.U2.LAR.A.0.0.0.Q23_G1.FOVD.NN.AL.WP,24Q4,6.225875
Chart_6,SAFE.Q.U2.LAR.A.0.0.0.Q23_G1.FTCR.NN.AL.WP,24Q4,1.697021
Chart_6,SAFE.Q.U2.LAR.A.0.0.0.Q9_G1.FBLN.NN.AL.WP,24Q4,-0.903399
Chart_6,SAFE.Q.U2.LAR.A.0.0.0.Q9_G1.FOVD.NN.AL.WP,24Q4,-1.624986
Chart_6,SAFE.Q.U2.LAR.A.0.0.0.Q9_G1.FTCR.NN.AL.WP,24Q4,1.799783
Chart_6,SAFE.Q.U2.SME.A.0.0.0.Q23_G1.FBLN.NN.AL.WP,24Q4,0.070569
Chart_6,SAFE.Q.U2.SME.A.0.0.0.Q23_G1.FOVD.NN.AL.WP,24Q4,-1.444756
Chart_6,SAFE.Q.U2.SME.A.0.0.0.Q23_G1.FTCR.NN.AL.WP,24Q4,0.009988
Chart_6,SAFE.Q.U2.SME.A.0.0.0.Q9_G1.FBLN.NN.AL.WP,24Q4,-2.795794
Chart_6,SAFE.Q.U2.SME.A.0.0.0.Q9_G1.FOVD.NN.AL.WP,24Q4,-0.855861
Chart_6,SAFE.Q.U2.SME.A.0.0.0.Q9_G1.FTCR.NN.AL.WP,24Q4,3.622816
Chart_6,SAFE.Q.U2.ALL.A.0.0.0.Q23_G1.FBLN.NN.AL.WP,25Q1,2.077771
Chart_6,SAFE.Q.U2.ALL.A.0.0.0.Q23_G1.FOVD.NN.AL.WP,25Q1,1.413879
Chart_6,SAFE.Q.U2.ALL.A.0.0.0.Q23_G1.FTCR.NN.AL.WP,25Q1,0.109189
Chart_6,SAFE.Q.U2.ALL.A.0.0.0.Q9_G1.FBLN.NN.AL.WP,25Q1,-1.449491
Chart_6,SAFE.Q.U2.ALL.A.0.0.0.Q9_G1.FOVD.NN.AL.WP,25Q1,-0.667683
Chart_6,SAFE.Q.U2.ALL.A.0.0.0.Q9_G1.FTCR.NN.AL.WP,25Q1,3.457752
Chart_6,SAFE.Q.U2.LAR.A.0.0.0.Q23_G1.FBLN.NN.AL.WP,25Q1,8.009142
Chart_6,SAFE.Q.U2.LAR.A.0.0.0.Q23_G1.FOVD.NN.AL.WP,25Q1,4.802861
Chart_6,SAFE.Q.U2.LAR.A.0.0.0.Q23_G1.FTCR.NN.AL.WP,25Q1,-1.520678
Chart_6,SAFE.Q.U2.LAR.A.0.0.0.Q9_G1.FBLN.NN.AL.WP,25Q1,-0.448604
Chart_6,SAFE.Q.U2.LAR.A.0.0.0.Q9_G1.FOVD.NN.AL.WP,25Q1,0.917101
Chart_6,SAFE.Q.U2.LAR.A.0.0.0.Q9_G1.FTCR.NN.AL.WP,25Q1,4.041184
Chart_6,SAFE.Q.U2.SME.A.0.0.0.Q23_G1.FBLN.NN.AL.WP,25Q1,-1.468751
Chart_6,SAFE.Q.U2.SME.A.0.0.0.Q23_G1.FOVD.NN.AL.WP,25Q1,-0.806712
Chart_6,SAFE.Q.U2.SME.A.0.0.0.Q23_G1.FTCR.NN.AL.WP,25Q1,1.17762
Chart_6,SAFE.Q.U2.SME.A.0.0.0.Q9_G1.FBLN.NN.AL.WP,25Q1,-2.080679
Chart_6,SAFE.Q.U2.SME.A.0.0.0.Q9_G1.FOVD.NN.AL.WP,25Q1,-1.697724
Chart_6,SAFE.Q.U2.SME.A.0.0.0.Q9_G1.FTCR.NN.AL.WP,25Q1,3.013911
Chart_6,SAFE.Q.U2.ALL.A.0.0.0.Q23_G1.FBLN.NN.AL.WP,25Q2,1.788556
Chart_6,SAFE.Q.U2.ALL.A.0.0.0.Q23_G1.FOVD.NN.AL.WP,25Q2,2.737598
Chart_6,SAFE.Q.U2.ALL.A.0.0.0.Q23_G1.FTCR.NN.AL.WP,25Q2,-0.128593
Chart_6,SAFE.Q.U2.ALL.A.0.0.0.Q9_G1.FBLN.NN.AL.WP,25Q2,1.276063
Chart_6,SAFE.Q.U2.ALL.A.0.0.0.Q9_G1.FOVD.NN.AL.WP,25Q2,1.503981
Chart_6,SAFE.Q.U2.ALL.A.0.0.0.Q9_G1.FTCR.NN.AL.WP,25Q2,4.526452
Chart_6,SAFE.Q.U2.LAR.A.0.0.0.Q23_G1.FBLN.NN.AL.WP,25Q2,1.335425
Chart_6,SAFE.Q.U2.LAR.A.0.0.0.Q23_G1.FOVD.NN.AL.WP,25Q2,2.891158
Chart_6,SAFE.Q.U2.LAR.A.0.0.0.Q23_G1.FTCR.NN.AL.WP,25Q2,-5.103737
Chart_6,SAFE.Q.U2.LAR.A.0.0.0.Q9_G1.FBLN.NN.AL.WP,25Q2,1.493956
Chart_6,SAFE.Q.U2.LAR.A.0.0.0.Q9_G1.FOVD.NN.AL.WP,25Q2,3.021956
Chart_6,SAFE.Q.U2.LAR.A.0.0.0.Q9_G1.FTCR.NN.AL.WP,25Q2,7.263792
Chart_6,SAFE.Q.U2.SME.A.0.0.0.Q23_G1.FBLN.NN.AL.WP,25Q2,2.074313
Chart_6,SAFE.Q.U2.SME.A.0.0.0.Q23_G1.FOVD.NN.AL.WP,25Q2,2.63779
Chart_6,SAFE.Q.U2.SME.A.0.0.0.Q23_G1.FTCR.NN.AL.WP,25Q2,3.656206
Chart_6,SAFE.Q.U2.SME.A.0.0.0.Q9_G1.FBLN.NN.AL.WP,25Q2,1.144665
Chart_6,SAFE.Q.U2.SME.A.0.0.0.Q9_G1.FOVD.NN.AL.WP,25Q2,0.53145
Chart_6,SAFE.Q.U2.SME.A.0.0.0.Q9_G1.FTCR.NN.AL.WP,25Q2,2.757969
Chart_6,SAFE.Q.U2.ALL.A.0.0.0.Q23_G1.FBLN.NN.AL.WP,25Q3,4.414908
Chart_6,SAFE.Q.U2.ALL.A.0.0.0.Q23_G1.FOVD.NN.AL.WP,25Q3,5.093447
Chart_6,SAFE.Q.U2.ALL.A.0.0.0.Q23_G1.FTCR.NN.AL.WP,25Q3,3.229452
Chart_6,SAFE.Q.U2.ALL.A.0.0.0.Q9_G1.FBLN.NN.AL.WP,25Q3,-0.824518
Chart_6,SAFE.Q.U2.ALL.A.0.0.0.Q9_G1.FOVD.NN.AL.WP,25Q3,0.928749
Chart_6,SAFE.Q.U2.ALL.A.0.0.0.Q9_G1.FTCR.NN.AL.WP,25Q3,2.351633
Chart_6,SAFE.Q.U2.LAR.A.0.0.0.Q23_G1.FBLN.NN.AL.WP,25Q3,7.164287
Chart_6,SAFE.Q.U2.LAR.A.0.0.0.Q23_G1.FOVD.NN.AL.WP,25Q3,9.721024
Chart_6,SAFE.Q.U2.LAR.A.0.0.0.Q23_G1.FTCR.NN.AL.WP,25Q3,5.440144
Chart_6,SAFE.Q.U2.LAR.A.0.0.0.Q9_G1.FBLN.NN.AL.WP,25Q3,0.311696
Chart_6,SAFE.Q.U2.LAR.A.0.0.0.Q9_G1.FOVD.NN.AL.WP,25Q3,2.667839
Chart_6,SAFE.Q.U2.LAR.A.0.0.0.Q9_G1.FTCR.NN.AL.WP,25Q3,4.659126
Chart_6,SAFE.Q.U2.SME.A.0.0.0.Q23_G1.FBLN.NN.AL.WP,25Q3,2.756915
Chart_6,SAFE.Q.U2.SME.A.0.0.0.Q23_G1.FOVD.NN.AL.WP,25Q3,2.128665
Chart_6,SAFE.Q.U2.SME.A.0.0.0.Q23_G1.FTCR.NN.AL.WP,25Q3,1.801215
Chart_6,SAFE.Q.U2.SME.A.0.0.0.Q9_G1.FBLN.NN.AL.WP,25Q3,-1.590405
Chart_6,SAFE.Q.U2.SME.A.0.0.0.Q9_G1.FOVD.NN.AL.WP,25Q3,-0.249994
Chart_6,SAFE.Q.U2.SME.A.0.0.0.Q9_G1.FTCR.NN.AL.WP,25Q3,0.940064
Chart_6,SAFE.Q.U2.ALL.A.0.0.0.Q23_G1.FBLN.NN.AL.WP,25Q4,0.443249
Chart_6,SAFE.Q.U2.ALL.A.0.0.0.Q23_G1.FOVD.NN.AL.WP,25Q4,0.690036
Chart_6,SAFE.Q.U2.ALL.A.0.0.0.Q23_G1.FTCR.NN.AL.WP,25Q4,1.444661
Chart_6,SAFE.Q.U2.ALL.A.0.0.0.Q9_G1.FBLN.NN.AL.WP,25Q4,-2.479498
Chart_6,SAFE.Q.U2.ALL.A.0.0.0.Q9_G1.FOVD.NN.AL.WP,25Q4,-0.846885
Chart_6,SAFE.Q.U2.ALL.A.0.0.0.Q9_G1.FTCR.NN.AL.WP,25Q4,0.762994
Chart_6,SAFE.Q.U2.LAR.A.0.0.0.Q23_G1.FBLN.NN.AL.WP,25Q4,1.357036
Chart_6,SAFE.Q.U2.LAR.A.0.0.0.Q23_G1.FOVD.NN.AL.WP,25Q4,-0.221373
Chart_6,SAFE.Q.U2.LAR.A.0.0.0.Q23_G1.FTCR.NN.AL.WP,25Q4,2.245888
Chart_6,SAFE.Q.U2.LAR.A.0.0.0.Q9_G1.FBLN.NN.AL.WP,25Q4,-3.158035
Chart_6,SAFE.Q.U2.LAR.A.0.0.0.Q9_G1.FOVD.NN.AL.WP,25Q4,2.096854
Chart_6,SAFE.Q.U2.LAR.A.0.0.0.Q9_G1.FTCR.NN.AL.WP,25Q4,-1.234439
Chart_6,SAFE.Q.U2.SME.A.0.0.0.Q23_G1.FBLN.NN.AL.WP,25Q4,-0.172707
Chart_6,SAFE.Q.U2.SME.A.0.0.0.Q23_G1.FOVD.NN.AL.WP,25Q4,1.307782
Chart_6,SAFE.Q.U2.SME.A.0.0.0.Q23_G1.FTCR.NN.AL.WP,25Q4,0.954525
Chart_6,SAFE.Q.U2.SME.A.0.0.0.Q9_G1.FBLN.NN.AL.WP,25Q4,-2.026589
Chart_6,SAFE.Q.U2.SME.A.0.0.0.Q9_G1.FOVD.NN.AL.WP,25Q4,-2.810271
Chart_6,SAFE.Q.U2.SME.A.0.0.0.Q9_G1.FTCR.NN.AL.WP,25Q4,2.107765
Chart_6,SAFE.Q.U2.ALL.A.0.0.0.Q23_G1.FBLN.NN.AL.WP,26Q1,-0.999894
Chart_6,SAFE.Q.U2.ALL.A.0.0.0.Q23_G1.FOVD.NN.AL.WP,26Q1,-0.671724
Chart_6,SAFE.Q.U2.ALL.A.0.0.0.Q23_G1.FTCR.NN.AL.WP,26Q1,0.315604
Chart_6,SAFE.Q.U2.ALL.A.0.0.0.Q9_G1.FBLN.NN.AL.WP,26Q1,-2.544108
Chart_6,SAFE.Q.U2.ALL.A.0.0.0.Q9_G1.FOVD.NN.AL.WP,26Q1,-3.243949
Chart_6,SAFE.Q.U2.ALL.A.0.0.0.Q9_G1.FTCR.NN.AL.WP,26Q1,3.516426
Chart_6,SAFE.Q.U2.LAR.A.0.0.0.Q23_G1.FBLN.NN.AL.WP,26Q1,-2.129407
Chart_6,SAFE.Q.U2.LAR.A.0.0.0.Q23_G1.FOVD.NN.AL.WP,26Q1,0.73809
Chart_6,SAFE.Q.U2.LAR.A.0.0.0.Q23_G1.FTCR.NN.AL.WP,26Q1,-2.901756
Chart_6,SAFE.Q.U2.LAR.A.0.0.0.Q9_G1.FBLN.NN.AL.WP,26Q1,-2.176054
Chart_6,SAFE.Q.U2.LAR.A.0.0.0.Q9_G1.FOVD.NN.AL.WP,26Q1,-3.628826
Chart_6,SAFE.Q.U2.LAR.A.0.0.0.Q9_G1.FTCR.NN.AL.WP,26Q1,5.0842
Chart_6,SAFE.Q.U2.SME.A.0.0.0.Q23_G1.FBLN.NN.AL.WP,26Q1,-0.245968
Chart_6,SAFE.Q.U2.SME.A.0.0.0.Q23_G1.FOVD.NN.AL.WP,26Q1,-1.612028
Chart_6,SAFE.Q.U2.SME.A.0.0.0.Q23_G1.FTCR.NN.AL.WP,26Q1,2.481691
Chart_6,SAFE.Q.U2.SME.A.0.0.0.Q9_G1.FBLN.NN.AL.WP,26Q1,-2.797447
Chart_6,SAFE.Q.U2.SME.A.0.0.0.Q9_G1.FOVD.NN.AL.WP,26Q1,-2.987338
Chart_6,SAFE.Q.U2.SME.A.0.0.0.Q9_G1.FTCR.NN.AL.WP,26Q1,2.487796
Chart_6,SAFE.Q.U2.ALL.A.0.0.0.Q23_G1.FBLN.NN.AL.WP,26Q2,-3.775563
Chart_6,SAFE.Q.U2.ALL.A.0.0.0.Q23_G1.FOVD.NN.AL.WP,26Q2,-3.846445
Chart_6,SAFE.Q.U2.ALL.A.0.0.0.Q23_G1.FTCR.NN.AL.WP,26Q2,-0.143398
Chart_6,SAFE.Q.U2.LAR.A.0.0.0.Q23_G1.FBLN.NN.AL.WP,26Q2,-2.590497
Chart_6,SAFE.Q.U2.LAR.A.0.0.0.Q23_G1.FOVD.NN.AL.WP,26Q2,-5.233563
Chart_6,SAFE.Q.U2.LAR.A.0.0.0.Q23_G1.FTCR.NN.AL.WP,26Q2,1.114278
Chart_6,SAFE.Q.U2.SME.A.0.0.0.Q23_G1.FBLN.NN.AL.WP,26Q2,-4.591271
Chart_6,SAFE.Q.U2.SME.A.0.0.0.Q23_G1.FOVD.NN.AL.WP,26Q2,-2.921606
Chart_6,SAFE.Q.U2.SME.A.0.0.0.Q23_G1.FTCR.NN.AL.WP,26Q2,-0.96857
Chart_7,SAFE.H.U2.ALL.A.0.0.0.Q11.11A.NN.AL.WP,22Q4-Q1,-34.6311
Chart_7,SAFE.H.U2.ALL.A.0.0.0.Q11.11C.NN.AL.WP,22Q4-Q1,-3.17828
Chart_7,SAFE.H.U2.ALL.A.0.0.0.Q11.11D.NN.AL.WP,22Q4-Q1,14.08899
Chart_7,SAFE.H.U2.LAR.A.0.0.0.Q11.11A.NN.AL.WP,22Q4-Q1,-35.0631
Chart_7,SAFE.H.U2.LAR.A.0.0.0.Q11.11C.NN.AL.WP,22Q4-Q1,-4.13416
Chart_7,SAFE.H.U2.LAR.A.0.0.0.Q11.11D.NN.AL.WP,22Q4-Q1,21.99656
Chart_7,SAFE.H.U2.SME.A.0.0.0.Q11.11A.NN.AL.WP,22Q4-Q1,-34.3832
Chart_7,SAFE.H.U2.SME.A.0.0.0.Q11.11C.NN.AL.WP,22Q4-Q1,-2.62977
Chart_7,SAFE.H.U2.SME.A.0.0.0.Q11.11D.NN.AL.WP,22Q4-Q1,9.551504
Chart_7,SAFE.H.U2.ALL.A.0.0.0.Q11.11A.NN.AL.WP,23Q2-Q3,-42.1199
Chart_7,SAFE.H.U2.ALL.A.0.0.0.Q11.11C.NN.AL.WP,23Q2-Q3,-9.51969
Chart_7,SAFE.H.U2.ALL.A.0.0.0.Q11.11D.NN.AL.WP,23Q2-Q3,11.01762
Chart_7,SAFE.H.U2.LAR.A.0.0.0.Q11.11A.NN.AL.WP,23Q2-Q3,-46.1842
Chart_7,SAFE.H.U2.LAR.A.0.0.0.Q11.11C.NN.AL.WP,23Q2-Q3,-11.3431
Chart_7,SAFE.H.U2.LAR.A.0.0.0.Q11.11D.NN.AL.WP,23Q2-Q3,17.24912
Chart_7,SAFE.H.U2.SME.A.0.0.0.Q11.11A.NN.AL.WP,23Q2-Q3,-39.8243
Chart_7,SAFE.H.U2.SME.A.0.0.0.Q11.11C.NN.AL.WP,23Q2-Q3,-8.48983
Chart_7,SAFE.H.U2.SME.A.0.0.0.Q11.11D.NN.AL.WP,23Q2-Q3,7.497996
Chart_7,SAFE.H.U2.ALL.A.0.0.0.Q11.11A.NN.AL.WP,23Q4-Q1,-30.3934
Chart_7,SAFE.H.U2.ALL.A.0.0.0.Q11.11C.NN.AL.WP,23Q4-Q1,-11.779
Chart_7,SAFE.H.U2.ALL.A.0.0.0.Q11.11D.NN.AL.WP,23Q4-Q1,10.5843
Chart_7,SAFE.H.U2.LAR.A.0.0.0.Q11.11A.NN.AL.WP,23Q4-Q1,-32.0097
Chart_7,SAFE.H.U2.LAR.A.0.0.0.Q11.11C.NN.AL.WP,23Q4-Q1,-14.5268
Chart_7,SAFE.H.U2.LAR.A.0.0.0.Q11.11D.NN.AL.WP,23Q4-Q1,18.73518
Chart_7,SAFE.H.U2.SME.A.0.0.0.Q11.11A.NN.AL.WP,23Q4-Q1,-29.439
Chart_7,SAFE.H.U2.SME.A.0.0.0.Q11.11C.NN.AL.WP,23Q4-Q1,-10.1568
Chart_7,SAFE.H.U2.SME.A.0.0.0.Q11.11D.NN.AL.WP,23Q4-Q1,5.771984
Chart_7,SAFE.H.U2.ALL.A.0.0.0.Q11.11A.NN.AL.WP,24Q2-Q3,-19.202548
Chart_7,SAFE.H.U2.ALL.A.0.0.0.Q11.11C.NN.AL.WP,24Q2-Q3,-8.836126
Chart_7,SAFE.H.U2.ALL.A.0.0.0.Q11.11D.NN.AL.WP,24Q2-Q3,8.848773
Chart_7,SAFE.H.U2.LAR.A.0.0.0.Q11.11A.NN.AL.WP,24Q2-Q3,-17.057164
Chart_7,SAFE.H.U2.LAR.A.0.0.0.Q11.11C.NN.AL.WP,24Q2-Q3,-14.602708
Chart_7,SAFE.H.U2.LAR.A.0.0.0.Q11.11D.NN.AL.WP,24Q2-Q3,11.138057
Chart_7,SAFE.H.U2.SME.A.0.0.0.Q11.11A.NN.AL.WP,24Q2-Q3,-20.383459
Chart_7,SAFE.H.U2.SME.A.0.0.0.Q11.11C.NN.AL.WP,24Q2-Q3,-5.661953
Chart_7,SAFE.H.U2.SME.A.0.0.0.Q11.11D.NN.AL.WP,24Q2-Q3,7.588654
Chart_7,SAFE.H.U2.ALL.A.0.0.0.Q11.11A.NN.AL.WP,24Q4-Q1,-22.382001
Chart_7,SAFE.H.U2.ALL.A.0.0.0.Q11.11C.NN.AL.WP,24Q4-Q1,-6.154168
Chart_7,SAFE.H.U2.ALL.A.0.0.0.Q11.11D.NN.AL.WP,24Q4-Q1,11.031753
Chart_7,SAFE.H.U2.LAR.A.0.0.0.Q11.11A.NN.AL.WP,24Q4-Q1,-18.418313
Chart_7,SAFE.H.U2.LAR.A.0.0.0.Q11.11C.NN.AL.WP,24Q4-Q1,-2.784602
Chart_7,SAFE.H.U2.LAR.A.0.0.0.Q11.11D.NN.AL.WP,24Q4-Q1,20.216495
Chart_7,SAFE.H.U2.SME.A.0.0.0.Q11.11A.NN.AL.WP,24Q4-Q1,-24.615457
Chart_7,SAFE.H.U2.SME.A.0.0.0.Q11.11C.NN.AL.WP,24Q4-Q1,-8.052849
Chart_7,SAFE.H.U2.SME.A.0.0.0.Q11.11D.NN.AL.WP,24Q4-Q1,5.856342
Chart_7,SAFE.H.U2.ALL.A.0.0.0.Q11.11A.NN.AL.WP,25Q2-Q3,-18.530891
Chart_7,SAFE.H.U2.ALL.A.0.0.0.Q11.11C.NN.AL.WP,25Q2-Q3,-3.613653
Chart_7,SAFE.H.U2.ALL.A.0.0.0.Q11.11D.NN.AL.WP,25Q2-Q3,7.643305
Chart_7,SAFE.H.U2.LAR.A.0.0.0.Q11.11A.NN.AL.WP,25Q2-Q3,-16.05523
Chart_7,SAFE.H.U2.LAR.A.0.0.0.Q11.11C.NN.AL.WP,25Q2-Q3,-1.229074
Chart_7,SAFE.H.U2.LAR.A.0.0.0.Q11.11D.NN.AL.WP,25Q2-Q3,10.646608
Chart_7,SAFE.H.U2.SME.A.0.0.0.Q11.11A.NN.AL.WP,25Q2-Q3,-19.892487
Chart_7,SAFE.H.U2.SME.A.0.0.0.Q11.11C.NN.AL.WP,25Q2-Q3,-4.925155
Chart_7,SAFE.H.U2.SME.A.0.0.0.Q11.11D.NN.AL.WP,25Q2-Q3,5.991509
Chart_7,SAFE.H.U2.ALL.A.0.0.0.Q11.11A.NN.AL.WP,25Q4-Q1,-28.917139
Chart_7,SAFE.H.U2.ALL.A.0.0.0.Q11.11C.NN.AL.WP,25Q4-Q1,-8.283175
Chart_7,SAFE.H.U2.ALL.A.0.0.0.Q11.11D.NN.AL.WP,25Q4-Q1,7.992776
Chart_7,SAFE.H.U2.LAR.A.0.0.0.Q11.11A.NN.AL.WP,25Q4-Q1,-31.055525
Chart_7,SAFE.H.U2.LAR.A.0.0.0.Q11.11C.NN.AL.WP,25Q4-Q1,-9.430526
Chart_7,SAFE.H.U2.LAR.A.0.0.0.Q11.11D.NN.AL.WP,25Q4-Q1,15.032483
Chart_7,SAFE.H.U2.SME.A.0.0.0.Q11.11A.NN.AL.WP,25Q4-Q1,-27.745931
Chart_7,SAFE.H.U2.SME.A.0.0.0.Q11.11C.NN.AL.WP,25Q4-Q1,-7.654763
Chart_7,SAFE.H.U2.SME.A.0.0.0.Q11.11D.NN.AL.WP,25Q4-Q1,4.137081
Chart_7,SAFE.H.U2.ALL.A.0.0.0.Q11.11A.NN.AL.WP,24Q2,-11.5435969508751
Chart_7,SAFE.H.U2.ALL.A.0.0.0.Q11.11C.NN.AL.WP,24Q2,0.499407109830041
Chart_7,SAFE.H.U2.ALL.A.0.0.0.Q11.11D.NN.AL.WP,24Q2,9.66923449785848
Chart_7,SAFE.H.U2.LAR.A.0.0.0.Q11.11A.NN.AL.WP,24Q2,-3.29642127022795
Chart_7,SAFE.H.U2.LAR.A.0.0.0.Q11.11C.NN.AL.WP,24Q2,7.36068531525053
Chart_7,SAFE.H.U2.LAR.A.0.0.0.Q11.11D.NN.AL.WP,24Q2,13.192154213951
Chart_7,SAFE.H.U2.SME.A.0.0.0.Q11.11A.NN.AL.WP,24Q2,-16.3029528534479
Chart_7,SAFE.H.U2.SME.A.0.0.0.Q11.11C.NN.AL.WP,24Q2,-3.46016234651026
Chart_7,SAFE.H.U2.SME.A.0.0.0.Q11.11D.NN.AL.WP,24Q2,7.63619562560298
Chart_7,SAFE.H.U2.ALL.A.0.0.0.Q11.11A.NN.AL.WP,24Q3,-20.187822
Chart_7,SAFE.H.U2.ALL.A.0.0.0.Q11.11C.NN.AL.WP,24Q3,-7.293986
Chart_7,SAFE.H.U2.ALL.A.0.0.0.Q11.11D.NN.AL.WP,24Q3,12.346773
Chart_7,SAFE.H.U2.LAR.A.0.0.0.Q11.11A.NN.AL.WP,24Q3,-21.78145
Chart_7,SAFE.H.U2.LAR.A.0.0.0.Q11.11C.NN.AL.WP,24Q3,-11.340652
Chart_7,SAFE.H.U2.LAR.A.0.0.0.Q11.11D.NN.AL.WP,24Q3,18.605756
Chart_7,SAFE.H.U2.SME.A.0.0.0.Q11.11A.NN.AL.WP,24Q3,-19.324876
Chart_7,SAFE.H.U2.SME.A.0.0.0.Q11.11C.NN.AL.WP,24Q3,-5.102725
Chart_7,SAFE.H.U2.SME.A.0.0.0.Q11.11D.NN.AL.WP,24Q3,8.957548
Chart_7,SAFE.H.U2.ALL.A.0.0.0.Q11.11A.NN.AL.WP,24Q4,-22.141326
Chart_7,SAFE.H.U2.ALL.A.0.0.0.Q11.11C.NN.AL.WP,24Q4,-10.52281
Chart_7,SAFE.H.U2.ALL.A.0.0.0.Q11.11D.NN.AL.WP,24Q4,8.08382
Chart_7,SAFE.H.U2.LAR.A.0.0.0.Q11.11A.NN.AL.WP,24Q4,-21.231
Chart_7,SAFE.H.U2.LAR.A.0.0.0.Q11.11C.NN.AL.WP,24Q4,-12.636841
Chart_7,SAFE.H.U2.LAR.A.0.0.0.Q11.11D.NN.AL.WP,24Q4,11.066508
Chart_7,SAFE.H.U2.SME.A.0.0.0.Q11.11A.NN.AL.WP,24Q4,-22.64937
Chart_7,SAFE.H.U2.SME.A.0.0.0.Q11.11C.NN.AL.WP,24Q4,-9.342992
Chart_7,SAFE.H.U2.SME.A.0.0.0.Q11.11D.NN.AL.WP,24Q4,6.419213
Chart_7,SAFE.H.U2.ALL.A.0.0.0.Q11.11A.NN.AL.WP,25Q1,-20.801647
Chart_7,SAFE.H.U2.ALL.A.0.0.0.Q11.11C.NN.AL.WP,25Q1,-3.351974
Chart_7,SAFE.H.U2.ALL.A.0.0.0.Q11.11D.NN.AL.WP,25Q1,6.974924
Chart_7,SAFE.H.U2.LAR.A.0.0.0.Q11.11A.NN.AL.WP,25Q1,-18.397329
Chart_7,SAFE.H.U2.LAR.A.0.0.0.Q11.11C.NN.AL.WP,25Q1,1.013707
Chart_7,SAFE.H.U2.LAR.A.0.0.0.Q11.11D.NN.AL.WP,25Q1,11.922349
Chart_7,SAFE.H.U2.SME.A.0.0.0.Q11.11A.NN.AL.WP,25Q1,-22.130596
Chart_7,SAFE.H.U2.SME.A.0.0.0.Q11.11C.NN.AL.WP,25Q1,-5.765036
Chart_7,SAFE.H.U2.SME.A.0.0.0.Q11.11D.NN.AL.WP,25Q1,4.240312
Chart_7,SAFE.H.U2.ALL.A.0.0.0.Q11.11A.NN.AL.WP,25Q2,-16.996862
Chart_7,SAFE.H.U2.ALL.A.0.0.0.Q11.11C.NN.AL.WP,25Q2,-2.483426
Chart_7,SAFE.H.U2.ALL.A.0.0.0.Q11.11D.NN.AL.WP,25Q2,10.247313
Chart_7,SAFE.H.U2.LAR.A.0.0.0.Q11.11A.NN.AL.WP,25Q2,-14.518701
Chart_7,SAFE.H.U2.LAR.A.0.0.0.Q11.11C.NN.AL.WP,25Q2,-0.553008
Chart_7,SAFE.H.U2.LAR.A.0.0.0.Q11.11D.NN.AL.WP,25Q2,15.607642
Chart_7,SAFE.H.U2.SME.A.0.0.0.Q11.11A.NN.AL.WP,25Q2,-18.379898
Chart_7,SAFE.H.U2.SME.A.0.0.0.Q11.11C.NN.AL.WP,25Q2,-3.560773
Chart_7,SAFE.H.U2.SME.A.0.0.0.Q11.11D.NN.AL.WP,25Q2,7.255769
Chart_7,SAFE.H.U2.ALL.A.0.0.0.Q11.11A.NN.AL.WP,25Q3,-19.131343
Chart_7,SAFE.H.U2.ALL.A.0.0.0.Q11.11C.NN.AL.WP,25Q3,-5.58746
Chart_7,SAFE.H.U2.ALL.A.0.0.0.Q11.11D.NN.AL.WP,25Q3,7.546926
Chart_7,SAFE.H.U2.LAR.A.0.0.0.Q11.11A.NN.AL.WP,25Q3,-17.555647
Chart_7,SAFE.H.U2.LAR.A.0.0.0.Q11.11C.NN.AL.WP,25Q3,-2.434573
Chart_7,SAFE.H.U2.LAR.A.0.0.0.Q11.11D.NN.AL.WP,25Q3,10.641669
Chart_7,SAFE.H.U2.SME.A.0.0.0.Q11.11A.NN.AL.WP,25Q3,-19.981907
Chart_7,SAFE.H.U2.SME.A.0.0.0.Q11.11C.NN.AL.WP,25Q3,-7.289396
Chart_7,SAFE.H.U2.SME.A.0.0.0.Q11.11D.NN.AL.WP,25Q3,5.876376
Chart_7,SAFE.H.U2.ALL.A.0.0.0.Q11.11A.NN.AL.WP,25Q4,-20.379289
Chart_7,SAFE.H.U2.ALL.A.0.0.0.Q11.11C.NN.AL.WP,25Q4,-6.534731
Chart_7,SAFE.H.U2.ALL.A.0.0.0.Q11.11D.NN.AL.WP,25Q4,7.875348
Chart_7,SAFE.H.U2.LAR.A.0.0.0.Q11.11A.NN.AL.WP,25Q4,-17.644182
Chart_7,SAFE.H.U2.LAR.A.0.0.0.Q11.11C.NN.AL.WP,25Q4,-5.212925
Chart_7,SAFE.H.U2.LAR.A.0.0.0.Q11.11D.NN.AL.WP,25Q4,12.87781
Chart_7,SAFE.H.U2.SME.A.0.0.0.Q11.11A.NN.AL.WP,25Q4,-21.907503
Chart_7,SAFE.H.U2.SME.A.0.0.0.Q11.11C.NN.AL.WP,25Q4,-7.273278
Chart_7,SAFE.H.U2.SME.A.0.0.0.Q11.11D.NN.AL.WP,25Q4,5.080273
Chart_7,SAFE.H.U2.ALL.A.0.0.0.Q11.11A.NN.AL.WP,26Q1,-26.494943
Chart_7,SAFE.H.U2.ALL.A.0.0.0.Q11.11C.NN.AL.WP,26Q1,-7.64535
Chart_7,SAFE.H.U2.ALL.A.0.0.0.Q11.11D.NN.AL.WP,26Q1,6.914316
Chart_7,SAFE.H.U2.LAR.A.0.0.0.Q11.11A.NN.AL.WP,26Q1,-26.513811
Chart_7,SAFE.H.U2.LAR.A.0.0.0.Q11.11C.NN.AL.WP,26Q1,-1.673688
Chart_7,SAFE.H.U2.LAR.A.0.0.0.Q11.11D.NN.AL.WP,26Q1,10.366321
Chart_7,SAFE.H.U2.SME.A.0.0.0.Q11.11A.NN.AL.WP,26Q1,-26.484193
Chart_7,SAFE.H.U2.SME.A.0.0.0.Q11.11C.NN.AL.WP,26Q1,-11.047448
Chart_7,SAFE.H.U2.SME.A.0.0.0.Q11.11D.NN.AL.WP,26Q1,4.947684
Chart_7,SAFE.Q.U2.ALL.A.0.0.0.Q11_G1.11A.NN.AL.WP,24Q2,-11.5435969508751
Chart_7,SAFE.Q.U2.ALL.A.0.0.0.Q11_G1.11C.NN.AL.WP,24Q2,0.499407109830041
Chart_7,SAFE.Q.U2.ALL.A.0.0.0.Q11_G1.11D.NN.AL.WP,24Q2,9.66923449785848
Chart_7,SAFE.Q.U2.LAR.A.0.0.0.Q11_G1.11A.NN.AL.WP,24Q2,-3.29642127022795
Chart_7,SAFE.Q.U2.LAR.A.0.0.0.Q11_G1.11C.NN.AL.WP,24Q2,7.36068531525053
Chart_7,SAFE.Q.U2.LAR.A.0.0.0.Q11_G1.11D.NN.AL.WP,24Q2,13.192154213951
Chart_7,SAFE.Q.U2.SME.A.0.0.0.Q11_G1.11A.NN.AL.WP,24Q2,-16.3029528534479
Chart_7,SAFE.Q.U2.SME.A.0.0.0.Q11_G1.11C.NN.AL.WP,24Q2,-3.46016234651026
Chart_7,SAFE.Q.U2.SME.A.0.0.0.Q11_G1.11D.NN.AL.WP,24Q2,7.63619562560298
Chart_7,SAFE.Q.U2.ALL.A.0.0.0.Q11_G1.11A.NN.AL.WP,24Q3,-20.187822
Chart_7,SAFE.Q.U2.ALL.A.0.0.0.Q11_G1.11C.NN.AL.WP,24Q3,-7.293986
Chart_7,SAFE.Q.U2.ALL.A.0.0.0.Q11_G1.11D.NN.AL.WP,24Q3,12.346773
Chart_7,SAFE.Q.U2.LAR.A.0.0.0.Q11_G1.11A.NN.AL.WP,24Q3,-21.78145
Chart_7,SAFE.Q.U2.LAR.A.0.0.0.Q11_G1.11C.NN.AL.WP,24Q3,-11.340652
Chart_7,SAFE.Q.U2.LAR.A.0.0.0.Q11_G1.11D.NN.AL.WP,24Q3,18.605756
Chart_7,SAFE.Q.U2.SME.A.0.0.0.Q11_G1.11A.NN.AL.WP,24Q3,-19.324876
Chart_7,SAFE.Q.U2.SME.A.0.0.0.Q11_G1.11C.NN.AL.WP,24Q3,-5.102725
Chart_7,SAFE.Q.U2.SME.A.0.0.0.Q11_G1.11D.NN.AL.WP,24Q3,8.957548
Chart_7,SAFE.Q.U2.ALL.A.0.0.0.Q11_G1.11A.NN.AL.WP,24Q4,-22.141326
Chart_7,SAFE.Q.U2.ALL.A.0.0.0.Q11_G1.11C.NN.AL.WP,24Q4,-10.52281
Chart_7,SAFE.Q.U2.ALL.A.0.0.0.Q11_G1.11D.NN.AL.WP,24Q4,8.08382
Chart_7,SAFE.Q.U2.LAR.A.0.0.0.Q11_G1.11A.NN.AL.WP,24Q4,-21.231
Chart_7,SAFE.Q.U2.LAR.A.0.0.0.Q11_G1.11C.NN.AL.WP,24Q4,-12.636841
Chart_7,SAFE.Q.U2.LAR.A.0.0.0.Q11_G1.11D.NN.AL.WP,24Q4,11.066508
Chart_7,SAFE.Q.U2.SME.A.0.0.0.Q11_G1.11A.NN.AL.WP,24Q4,-22.64937
Chart_7,SAFE.Q.U2.SME.A.0.0.0.Q11_G1.11C.NN.AL.WP,24Q4,-9.342992
Chart_7,SAFE.Q.U2.SME.A.0.0.0.Q11_G1.11D.NN.AL.WP,24Q4,6.419213
Chart_7,SAFE.Q.U2.ALL.A.0.0.0.Q11_G1.11A.NN.AL.WP,25Q1,-20.801647
Chart_7,SAFE.Q.U2.ALL.A.0.0.0.Q11_G1.11C.NN.AL.WP,25Q1,-3.351974
Chart_7,SAFE.Q.U2.ALL.A.0.0.0.Q11_G1.11D.NN.AL.WP,25Q1,6.974924
Chart_7,SAFE.Q.U2.LAR.A.0.0.0.Q11_G1.11A.NN.AL.WP,25Q1,-18.397329
Chart_7,SAFE.Q.U2.LAR.A.0.0.0.Q11_G1.11C.NN.AL.WP,25Q1,1.013707
Chart_7,SAFE.Q.U2.LAR.A.0.0.0.Q11_G1.11D.NN.AL.WP,25Q1,11.922349
Chart_7,SAFE.Q.U2.SME.A.0.0.0.Q11_G1.11A.NN.AL.WP,25Q1,-22.130596
Chart_7,SAFE.Q.U2.SME.A.0.0.0.Q11_G1.11C.NN.AL.WP,25Q1,-5.765036
Chart_7,SAFE.Q.U2.SME.A.0.0.0.Q11_G1.11D.NN.AL.WP,25Q1,4.240312
Chart_7,SAFE.Q.U2.ALL.A.0.0.0.Q11_G1.11A.NN.AL.WP,25Q2,-16.996862
Chart_7,SAFE.Q.U2.ALL.A.0.0.0.Q11_G1.11C.NN.AL.WP,25Q2,-2.483426
Chart_7,SAFE.Q.U2.ALL.A.0.0.0.Q11_G1.11D.NN.AL.WP,25Q2,10.247313
Chart_7,SAFE.Q.U2.LAR.A.0.0.0.Q11_G1.11A.NN.AL.WP,25Q2,-14.518701
Chart_7,SAFE.Q.U2.LAR.A.0.0.0.Q11_G1.11C.NN.AL.WP,25Q2,-0.553008
Chart_7,SAFE.Q.U2.LAR.A.0.0.0.Q11_G1.11D.NN.AL.WP,25Q2,15.607642
Chart_7,SAFE.Q.U2.SME.A.0.0.0.Q11_G1.11A.NN.AL.WP,25Q2,-18.379898
Chart_7,SAFE.Q.U2.SME.A.0.0.0.Q11_G1.11C.NN.AL.WP,25Q2,-3.560773
Chart_7,SAFE.Q.U2.SME.A.0.0.0.Q11_G1.11D.NN.AL.WP,25Q2,7.255769
Chart_7,SAFE.Q.U2.ALL.A.0.0.0.Q11_G1.11A.NN.AL.WP,25Q3,-19.131343
Chart_7,SAFE.Q.U2.ALL.A.0.0.0.Q11_G1.11C.NN.AL.WP,25Q3,-5.58746
Chart_7,SAFE.Q.U2.ALL.A.0.0.0.Q11_G1.11D.NN.AL.WP,25Q3,7.546926
Chart_7,SAFE.Q.U2.LAR.A.0.0.0.Q11_G1.11A.NN.AL.WP,25Q3,-17.555647
Chart_7,SAFE.Q.U2.LAR.A.0.0.0.Q11_G1.11C.NN.AL.WP,25Q3,-2.434573
Chart_7,SAFE.Q.U2.LAR.A.0.0.0.Q11_G1.11D.NN.AL.WP,25Q3,10.641669
Chart_7,SAFE.Q.U2.SME.A.0.0.0.Q11_G1.11A.NN.AL.WP,25Q3,-19.981907
Chart_7,SAFE.Q.U2.SME.A.0.0.0.Q11_G1.11C.NN.AL.WP,25Q3,-7.289396
Chart_7,SAFE.Q.U2.SME.A.0.0.0.Q11_G1.11D.NN.AL.WP,25Q3,5.876376
Chart_7,SAFE.Q.U2.ALL.A.0.0.0.Q11_G1.11A.NN.AL.WP,25Q4,-20.379289
Chart_7,SAFE.Q.U2.ALL.A.0.0.0.Q11_G1.11C.NN.AL.WP,25Q4,-6.534731
Chart_7,SAFE.Q.U2.ALL.A.0.0.0.Q11_G1.11D.NN.AL.WP,25Q4,7.875348
Chart_7,SAFE.Q.U2.LAR.A.0.0.0.Q11_G1.11A.NN.AL.WP,25Q4,-17.644182
Chart_7,SAFE.Q.U2.LAR.A.0.0.0.Q11_G1.11C.NN.AL.WP,25Q4,-5.212925
Chart_7,SAFE.Q.U2.LAR.A.0.0.0.Q11_G1.11D.NN.AL.WP,25Q4,12.87781
Chart_7,SAFE.Q.U2.SME.A.0.0.0.Q11_G1.11A.NN.AL.WP,25Q4,-21.907503
Chart_7,SAFE.Q.U2.SME.A.0.0.0.Q11_G1.11C.NN.AL.WP,25Q4,-7.273278
Chart_7,SAFE.Q.U2.SME.A.0.0.0.Q11_G1.11D.NN.AL.WP,25Q4,5.080273
Chart_7,SAFE.Q.U2.ALL.A.0.0.0.Q11_G1.11A.NN.AL.WP,26Q1,-26.494943
Chart_7,SAFE.Q.U2.ALL.A.0.0.0.Q11_G1.11C.NN.AL.WP,26Q1,-7.64535
Chart_7,SAFE.Q.U2.ALL.A.0.0.0.Q11_G1.11D.NN.AL.WP,26Q1,6.914316
Chart_7,SAFE.Q.U2.LAR.A.0.0.0.Q11_G1.11A.NN.AL.WP,26Q1,-26.513811
Chart_7,SAFE.Q.U2.LAR.A.0.0.0.Q11_G1.11C.NN.AL.WP,26Q1,-1.673688
Chart_7,SAFE.Q.U2.LAR.A.0.0.0.Q11_G1.11D.NN.AL.WP,26Q1,10.366321
Chart_7,SAFE.Q.U2.SME.A.0.0.0.Q11_G1.11A.NN.AL.WP,26Q1,-26.484193
Chart_7,SAFE.Q.U2.SME.A.0.0.0.Q11_G1.11C.NN.AL.WP,26Q1,-11.047448
Chart_7,SAFE.Q.U2.SME.A.0.0.0.Q11_G1.11D.NN.AL.WP,26Q1,4.947684
Chart_8,SAFE.H.U2.ALL.A.0.0.0.Q11.11E.NN.AL.WP,22Q4-Q1,14.59889
Chart_8,SAFE.H.U2.ALL.A.0.0.0.Q11.11F.NN.AL.WP,22Q4-Q1,2.731366
Chart_8,SAFE.H.U2.ALL.A.0.0.0.Q11.11G.NN.AL.WP,22Q4-Q1,1.877908
Chart_8,SAFE.H.U2.LAR.A.0.0.0.Q11.11E.NN.AL.WP,22Q4-Q1,18.29513
Chart_8,SAFE.H.U2.LAR.A.0.0.0.Q11.11F.NN.AL.WP,22Q4-Q1,8.63921
Chart_8,SAFE.H.U2.LAR.A.0.0.0.Q11.11G.NN.AL.WP,22Q4-Q1,1.084477
Chart_8,SAFE.H.U2.SME.A.0.0.0.Q11.11E.NN.AL.WP,22Q4-Q1,12.47794
Chart_8,SAFE.H.U2.SME.A.0.0.0.Q11.11F.NN.AL.WP,22Q4-Q1,-1.03927
Chart_8,SAFE.H.U2.SME.A.0.0.0.Q11.11G.NN.AL.WP,22Q4-Q1,2.382953
Chart_8,SAFE.H.U2.ALL.A.0.0.0.Q11.11E.NN.AL.WP,23Q2-Q3,13.84811
Chart_8,SAFE.H.U2.ALL.A.0.0.0.Q11.11F.NN.AL.WP,23Q2-Q3,0.588243
Chart_8,SAFE.H.U2.ALL.A.0.0.0.Q11.11G.NN.AL.WP,23Q2-Q3,3.409597
Chart_8,SAFE.H.U2.LAR.A.0.0.0.Q11.11E.NN.AL.WP,23Q2-Q3,15.88618
Chart_8,SAFE.H.U2.LAR.A.0.0.0.Q11.11F.NN.AL.WP,23Q2-Q3,4.734969
Chart_8,SAFE.H.U2.LAR.A.0.0.0.Q11.11G.NN.AL.WP,23Q2-Q3,5.856054
Chart_8,SAFE.H.U2.SME.A.0.0.0.Q11.11E.NN.AL.WP,23Q2-Q3,12.69699
Chart_8,SAFE.H.U2.SME.A.0.0.0.Q11.11F.NN.AL.WP,23Q2-Q3,-2.00176
Chart_8,SAFE.H.U2.SME.A.0.0.0.Q11.11G.NN.AL.WP,23Q2-Q3,1.825438
Chart_8,SAFE.H.U2.ALL.A.0.0.0.Q11.11E.NN.AL.WP,23Q4-Q1,12.21371
Chart_8,SAFE.H.U2.ALL.A.0.0.0.Q11.11F.NN.AL.WP,23Q4-Q1,2.071836
Chart_8,SAFE.H.U2.ALL.A.0.0.0.Q11.11G.NN.AL.WP,23Q4-Q1,4.793203
Chart_8,SAFE.H.U2.LAR.A.0.0.0.Q11.11E.NN.AL.WP,23Q4-Q1,12.87406
Chart_8,SAFE.H.U2.LAR.A.0.0.0.Q11.11F.NN.AL.WP,23Q4-Q1,4.718577
Chart_8,SAFE.H.U2.LAR.A.0.0.0.Q11.11G.NN.AL.WP,23Q4-Q1,4.19129
Chart_8,SAFE.H.U2.SME.A.0.0.0.Q11.11E.NN.AL.WP,23Q4-Q1,11.82384
Chart_8,SAFE.H.U2.SME.A.0.0.0.Q11.11F.NN.AL.WP,23Q4-Q1,0.321398
Chart_8,SAFE.H.U2.SME.A.0.0.0.Q11.11G.NN.AL.WP,23Q4-Q1,5.183091
Chart_8,SAFE.H.U2.ALL.A.0.0.0.Q11.11E.NN.AL.WP,24Q2-Q3,12.731436
Chart_8,SAFE.H.U2.ALL.A.0.0.0.Q11.11F.NN.AL.WP,24Q2-Q3,4.430518
Chart_8,SAFE.H.U2.ALL.A.0.0.0.Q11.11G.NN.AL.WP,24Q2-Q3,5.390913
Chart_8,SAFE.H.U2.LAR.A.0.0.0.Q11.11E.NN.AL.WP,24Q2-Q3,11.697166
Chart_8,SAFE.H.U2.LAR.A.0.0.0.Q11.11F.NN.AL.WP,24Q2-Q3,6.294231
Chart_8,SAFE.H.U2.LAR.A.0.0.0.Q11.11G.NN.AL.WP,24Q2-Q3,6.415987
Chart_8,SAFE.H.U2.SME.A.0.0.0.Q11.11E.NN.AL.WP,24Q2-Q3,13.300742
Chart_8,SAFE.H.U2.SME.A.0.0.0.Q11.11F.NN.AL.WP,24Q2-Q3,3.28884
Chart_8,SAFE.H.U2.SME.A.0.0.0.Q11.11G.NN.AL.WP,24Q2-Q3,4.668585
Chart_8,SAFE.H.U2.ALL.A.0.0.0.Q11.11E.NN.AL.WP,24Q4-Q1,14.558956
Chart_8,SAFE.H.U2.ALL.A.0.0.0.Q11.11F.NN.AL.WP,24Q4-Q1,5.810864
Chart_8,SAFE.H.U2.ALL.A.0.0.0.Q11.11G.NN.AL.WP,24Q4-Q1,5.452425
Chart_8,SAFE.H.U2.LAR.A.0.0.0.Q11.11E.NN.AL.WP,24Q4-Q1,20.570404
Chart_8,SAFE.H.U2.LAR.A.0.0.0.Q11.11F.NN.AL.WP,24Q4-Q1,7.12422
Chart_8,SAFE.H.U2.LAR.A.0.0.0.Q11.11G.NN.AL.WP,24Q4-Q1,3.875798
Chart_8,SAFE.H.U2.SME.A.0.0.0.Q11.11E.NN.AL.WP,24Q4-Q1,11.17163
Chart_8,SAFE.H.U2.SME.A.0.0.0.Q11.11F.NN.AL.WP,24Q4-Q1,4.973766
Chart_8,SAFE.H.U2.SME.A.0.0.0.Q11.11G.NN.AL.WP,24Q4-Q1,6.518344
Chart_8,SAFE.H.U2.ALL.A.0.0.0.Q11.11E.NN.AL.WP,25Q2-Q3,13.095698
Chart_8,SAFE.H.U2.ALL.A.0.0.0.Q11.11F.NN.AL.WP,25Q2-Q3,7.71184
Chart_8,SAFE.H.U2.ALL.A.0.0.0.Q11.11G.NN.AL.WP,25Q2-Q3,7.685655
Chart_8,SAFE.H.U2.LAR.A.0.0.0.Q11.11E.NN.AL.WP,25Q2-Q3,14.165716
Chart_8,SAFE.H.U2.LAR.A.0.0.0.Q11.11F.NN.AL.WP,25Q2-Q3,13.666274
Chart_8,SAFE.H.U2.LAR.A.0.0.0.Q11.11G.NN.AL.WP,25Q2-Q3,8.33571
Chart_8,SAFE.H.U2.SME.A.0.0.0.Q11.11E.NN.AL.WP,25Q2-Q3,12.507195
Chart_8,SAFE.H.U2.SME.A.0.0.0.Q11.11F.NN.AL.WP,25Q2-Q3,3.896313
Chart_8,SAFE.H.U2.SME.A.0.0.0.Q11.11G.NN.AL.WP,25Q2-Q3,7.263581
Chart_8,SAFE.H.U2.ALL.A.0.0.0.Q11.11E.NN.AL.WP,25Q4-Q1,10.524345
Chart_8,SAFE.H.U2.ALL.A.0.0.0.Q11.11F.NN.AL.WP,25Q4-Q1,5.375415
Chart_8,SAFE.H.U2.ALL.A.0.0.0.Q11.11G.NN.AL.WP,25Q4-Q1,4.818521
Chart_8,SAFE.H.U2.LAR.A.0.0.0.Q11.11E.NN.AL.WP,25Q4-Q1,14.23543
Chart_8,SAFE.H.U2.LAR.A.0.0.0.Q11.11F.NN.AL.WP,25Q4-Q1,10.094214
Chart_8,SAFE.H.U2.LAR.A.0.0.0.Q11.11G.NN.AL.WP,25Q4-Q1,4.864353
Chart_8,SAFE.H.U2.SME.A.0.0.0.Q11.11E.NN.AL.WP,25Q4-Q1,8.491759
Chart_8,SAFE.H.U2.SME.A.0.0.0.Q11.11F.NN.AL.WP,25Q4-Q1,2.580298
Chart_8,SAFE.H.U2.SME.A.0.0.0.Q11.11G.NN.AL.WP,25Q4-Q1,4.789945
Chart_8,SAFE.H.U2.ALL.A.0.0.0.Q11.11E.NN.AL.WP,24Q2,14.4723839151831
Chart_8,SAFE.H.U2.ALL.A.0.0.0.Q11.11F.NN.AL.WP,24Q2,9.24458805979253
Chart_8,SAFE.H.U2.ALL.A.0.0.0.Q11.11G.NN.AL.WP,24Q2,5.83629270171976
Chart_8,SAFE.H.U2.LAR.A.0.0.0.Q11.11E.NN.AL.WP,24Q2,17.1674646739865
Chart_8,SAFE.H.U2.LAR.A.0.0.0.Q11.11F.NN.AL.WP,24Q2,12.9422872826683
Chart_8,SAFE.H.U2.LAR.A.0.0.0.Q11.11G.NN.AL.WP,24Q2,6.49993369183031
Chart_8,SAFE.H.U2.SME.A.0.0.0.Q11.11E.NN.AL.WP,24Q2,12.9170819531526
Chart_8,SAFE.H.U2.SME.A.0.0.0.Q11.11F.NN.AL.WP,24Q2,6.75850908574395
Chart_8,SAFE.H.U2.SME.A.0.0.0.Q11.11G.NN.AL.WP,24Q2,5.43060246362982
Chart_8,SAFE.H.U2.ALL.A.0.0.0.Q11.11E.NN.AL.WP,24Q3,13.349697
Chart_8,SAFE.H.U2.ALL.A.0.0.0.Q11.11F.NN.AL.WP,24Q3,5.903426
Chart_8,SAFE.H.U2.ALL.A.0.0.0.Q11.11G.NN.AL.WP,24Q3,6.280035
Chart_8,SAFE.H.U2.LAR.A.0.0.0.Q11.11E.NN.AL.WP,24Q3,15.957081
Chart_8,SAFE.H.U2.LAR.A.0.0.0.Q11.11F.NN.AL.WP,24Q3,8.611273
Chart_8,SAFE.H.U2.LAR.A.0.0.0.Q11.11G.NN.AL.WP,24Q3,7.54705
Chart_8,SAFE.H.U2.SME.A.0.0.0.Q11.11E.NN.AL.WP,24Q3,11.937804
Chart_8,SAFE.H.U2.SME.A.0.0.0.Q11.11F.NN.AL.WP,24Q3,4.26652
Chart_8,SAFE.H.U2.SME.A.0.0.0.Q11.11G.NN.AL.WP,24Q3,5.451225
Chart_8,SAFE.H.U2.ALL.A.0.0.0.Q11.11E.NN.AL.WP,24Q4,12.580179
Chart_8,SAFE.H.U2.ALL.A.0.0.0.Q11.11F.NN.AL.WP,24Q4,7.807296
Chart_8,SAFE.H.U2.ALL.A.0.0.0.Q11.11G.NN.AL.WP,24Q4,4.011066
Chart_8,SAFE.H.U2.LAR.A.0.0.0.Q11.11E.NN.AL.WP,24Q4,17.235165
Chart_8,SAFE.H.U2.LAR.A.0.0.0.Q11.11F.NN.AL.WP,24Q4,14.650526
Chart_8,SAFE.H.U2.LAR.A.0.0.0.Q11.11G.NN.AL.WP,24Q4,-0.767498
Chart_8,SAFE.H.U2.SME.A.0.0.0.Q11.11E.NN.AL.WP,24Q4,9.982281
Chart_8,SAFE.H.U2.SME.A.0.0.0.Q11.11F.NN.AL.WP,24Q4,3.644428
Chart_8,SAFE.H.U2.SME.A.0.0.0.Q11.11G.NN.AL.WP,24Q4,7.143571
Chart_8,SAFE.H.U2.ALL.A.0.0.0.Q11.11E.NN.AL.WP,25Q1,13.504711
Chart_8,SAFE.H.U2.ALL.A.0.0.0.Q11.11F.NN.AL.WP,25Q1,7.027159
Chart_8,SAFE.H.U2.ALL.A.0.0.0.Q11.11G.NN.AL.WP,25Q1,7.047571
Chart_8,SAFE.H.U2.LAR.A.0.0.0.Q11.11E.NN.AL.WP,25Q1,18.474671
Chart_8,SAFE.H.U2.LAR.A.0.0.0.Q11.11F.NN.AL.WP,25Q1,10.720998
Chart_8,SAFE.H.U2.LAR.A.0.0.0.Q11.11G.NN.AL.WP,25Q1,6.621985
Chart_8,SAFE.H.U2.SME.A.0.0.0.Q11.11E.NN.AL.WP,25Q1,10.757642
Chart_8,SAFE.H.U2.SME.A.0.0.0.Q11.11F.NN.AL.WP,25Q1,4.784171
Chart_8,SAFE.H.U2.SME.A.0.0.0.Q11.11G.NN.AL.WP,25Q1,7.371332
Chart_8,SAFE.H.U2.ALL.A.0.0.0.Q11.11E.NN.AL.WP,25Q2,11.993599
Chart_8,SAFE.H.U2.ALL.A.0.0.0.Q11.11F.NN.AL.WP,25Q2,6.423059
Chart_8,SAFE.H.U2.ALL.A.0.0.0.Q11.11G.NN.AL.WP,25Q2,8.020618
Chart_8,SAFE.H.U2.LAR.A.0.0.0.Q11.11E.NN.AL.WP,25Q2,13.725869
Chart_8,SAFE.H.U2.LAR.A.0.0.0.Q11.11F.NN.AL.WP,25Q2,6.47415
Chart_8,SAFE.H.U2.LAR.A.0.0.0.Q11.11G.NN.AL.WP,25Q2,8.736169
Chart_8,SAFE.H.U2.SME.A.0.0.0.Q11.11E.NN.AL.WP,25Q2,11.026837
Chart_8,SAFE.H.U2.SME.A.0.0.0.Q11.11F.NN.AL.WP,25Q2,6.392978
Chart_8,SAFE.H.U2.SME.A.0.0.0.Q11.11G.NN.AL.WP,25Q2,7.55833
Chart_8,SAFE.H.U2.ALL.A.0.0.0.Q11.11E.NN.AL.WP,25Q3,13.088724
Chart_8,SAFE.H.U2.ALL.A.0.0.0.Q11.11F.NN.AL.WP,25Q3,1.504522
Chart_8,SAFE.H.U2.ALL.A.0.0.0.Q11.11G.NN.AL.WP,25Q3,3.800679
Chart_8,SAFE.H.U2.LAR.A.0.0.0.Q11.11E.NN.AL.WP,25Q3,17.816233
Chart_8,SAFE.H.U2.LAR.A.0.0.0.Q11.11F.NN.AL.WP,25Q3,-0.446224
Chart_8,SAFE.H.U2.LAR.A.0.0.0.Q11.11G.NN.AL.WP,25Q3,3.399359
Chart_8,SAFE.H.U2.SME.A.0.0.0.Q11.11E.NN.AL.WP,25Q3,10.536803
Chart_8,SAFE.H.U2.SME.A.0.0.0.Q11.11F.NN.AL.WP,25Q3,2.747448
Chart_8,SAFE.H.U2.SME.A.0.0.0.Q11.11G.NN.AL.WP,25Q3,4.04618
Chart_8,SAFE.H.U2.ALL.A.0.0.0.Q11.11E.NN.AL.WP,25Q4,11.189797
Chart_8,SAFE.H.U2.ALL.A.0.0.0.Q11.11F.NN.AL.WP,25Q4,4.427022
Chart_8,SAFE.H.U2.ALL.A.0.0.0.Q11.11G.NN.AL.WP,25Q4,5.644334
Chart_8,SAFE.H.U2.LAR.A.0.0.0.Q11.11E.NN.AL.WP,25Q4,14.295546
Chart_8,SAFE.H.U2.LAR.A.0.0.0.Q11.11F.NN.AL.WP,25Q4,5.177083
Chart_8,SAFE.H.U2.LAR.A.0.0.0.Q11.11G.NN.AL.WP,25Q4,3.995841
Chart_8,SAFE.H.U2.SME.A.0.0.0.Q11.11E.NN.AL.WP,25Q4,9.45449
Chart_8,SAFE.H.U2.SME.A.0.0.0.Q11.11F.NN.AL.WP,25Q4,3.951937
Chart_8,SAFE.H.U2.SME.A.0.0.0.Q11.11G.NN.AL.WP,25Q4,6.754182
Chart_8,SAFE.H.U2.ALL.A.0.0.0.Q11.11E.NN.AL.WP,26Q1,8.507264
Chart_8,SAFE.H.U2.ALL.A.0.0.0.Q11.11F.NN.AL.WP,26Q1,4.511503
Chart_8,SAFE.H.U2.ALL.A.0.0.0.Q11.11G.NN.AL.WP,26Q1,5.244279
Chart_8,SAFE.H.U2.LAR.A.0.0.0.Q11.11E.NN.AL.WP,26Q1,8.036684
Chart_8,SAFE.H.U2.LAR.A.0.0.0.Q11.11F.NN.AL.WP,26Q1,3.795699
Chart_8,SAFE.H.U2.LAR.A.0.0.0.Q11.11G.NN.AL.WP,26Q1,8.075812
Chart_8,SAFE.H.U2.SME.A.0.0.0.Q11.11E.NN.AL.WP,26Q1,8.775357
Chart_8,SAFE.H.U2.SME.A.0.0.0.Q11.11F.NN.AL.WP,26Q1,4.967448
Chart_8,SAFE.H.U2.SME.A.0.0.0.Q11.11G.NN.AL.WP,26Q1,3.386485
Chart_8,SAFE.Q.U2.ALL.A.0.0.0.Q11_G1.11E.NN.AL.WP,24Q2,14.4723839151831
Chart_8,SAFE.Q.U2.ALL.A.0.0.0.Q11_G1.11F.NN.AL.WP,24Q2,9.24458805979253
Chart_8,SAFE.Q.U2.ALL.A.0.0.0.Q11_G1.11G.NN.AL.WP,24Q2,5.83629270171976
Chart_8,SAFE.Q.U2.LAR.A.0.0.0.Q11_G1.11E.NN.AL.WP,24Q2,17.1674646739865
Chart_8,SAFE.Q.U2.LAR.A.0.0.0.Q11_G1.11F.NN.AL.WP,24Q2,12.9422872826683
Chart_8,SAFE.Q.U2.LAR.A.0.0.0.Q11_G1.11G.NN.AL.WP,24Q2,6.49993369183031
Chart_8,SAFE.Q.U2.SME.A.0.0.0.Q11_G1.11E.NN.AL.WP,24Q2,12.9170819531526
Chart_8,SAFE.Q.U2.SME.A.0.0.0.Q11_G1.11F.NN.AL.WP,24Q2,6.75850908574395
Chart_8,SAFE.Q.U2.SME.A.0.0.0.Q11_G1.11G.NN.AL.WP,24Q2,5.43060246362982
Chart_8,SAFE.Q.U2.ALL.A.0.0.0.Q11_G1.11E.NN.AL.WP,24Q3,13.349697
Chart_8,SAFE.Q.U2.ALL.A.0.0.0.Q11_G1.11F.NN.AL.WP,24Q3,5.903426
Chart_8,SAFE.Q.U2.ALL.A.0.0.0.Q11_G1.11G.NN.AL.WP,24Q3,6.280035
Chart_8,SAFE.Q.U2.LAR.A.0.0.0.Q11_G1.11E.NN.AL.WP,24Q3,15.957081
Chart_8,SAFE.Q.U2.LAR.A.0.0.0.Q11_G1.11F.NN.AL.WP,24Q3,8.611273
Chart_8,SAFE.Q.U2.LAR.A.0.0.0.Q11_G1.11G.NN.AL.WP,24Q3,7.54705
Chart_8,SAFE.Q.U2.SME.A.0.0.0.Q11_G1.11E.NN.AL.WP,24Q3,11.937804
Chart_8,SAFE.Q.U2.SME.A.0.0.0.Q11_G1.11F.NN.AL.WP,24Q3,4.26652
Chart_8,SAFE.Q.U2.SME.A.0.0.0.Q11_G1.11G.NN.AL.WP,24Q3,5.451225
Chart_8,SAFE.Q.U2.ALL.A.0.0.0.Q11_G1.11E.NN.AL.WP,24Q4,12.580179
Chart_8,SAFE.Q.U2.ALL.A.0.0.0.Q11_G1.11F.NN.AL.WP,24Q4,7.807296
Chart_8,SAFE.Q.U2.ALL.A.0.0.0.Q11_G1.11G.NN.AL.WP,24Q4,4.011066
Chart_8,SAFE.Q.U2.LAR.A.0.0.0.Q11_G1.11E.NN.AL.WP,24Q4,17.235165
Chart_8,SAFE.Q.U2.LAR.A.0.0.0.Q11_G1.11F.NN.AL.WP,24Q4,14.650526
Chart_8,SAFE.Q.U2.LAR.A.0.0.0.Q11_G1.11G.NN.AL.WP,24Q4,-0.767498
Chart_8,SAFE.Q.U2.SME.A.0.0.0.Q11_G1.11E.NN.AL.WP,24Q4,9.982281
Chart_8,SAFE.Q.U2.SME.A.0.0.0.Q11_G1.11F.NN.AL.WP,24Q4,3.644428
Chart_8,SAFE.Q.U2.SME.A.0.0.0.Q11_G1.11G.NN.AL.WP,24Q4,7.143571
Chart_8,SAFE.Q.U2.ALL.A.0.0.0.Q11_G1.11E.NN.AL.WP,25Q1,13.504711
Chart_8,SAFE.Q.U2.ALL.A.0.0.0.Q11_G1.11F.NN.AL.WP,25Q1,7.027159
Chart_8,SAFE.Q.U2.ALL.A.0.0.0.Q11_G1.11G.NN.AL.WP,25Q1,7.047571
Chart_8,SAFE.Q.U2.LAR.A.0.0.0.Q11_G1.11E.NN.AL.WP,25Q1,18.474671
Chart_8,SAFE.Q.U2.LAR.A.0.0.0.Q11_G1.11F.NN.AL.WP,25Q1,10.720998
Chart_8,SAFE.Q.U2.LAR.A.0.0.0.Q11_G1.11G.NN.AL.WP,25Q1,6.621985
Chart_8,SAFE.Q.U2.SME.A.0.0.0.Q11_G1.11E.NN.AL.WP,25Q1,10.757642
Chart_8,SAFE.Q.U2.SME.A.0.0.0.Q11_G1.11F.NN.AL.WP,25Q1,4.784171
Chart_8,SAFE.Q.U2.SME.A.0.0.0.Q11_G1.11G.NN.AL.WP,25Q1,7.371332
Chart_8,SAFE.Q.U2.ALL.A.0.0.0.Q11_G1.11E.NN.AL.WP,25Q2,11.993599
Chart_8,SAFE.Q.U2.ALL.A.0.0.0.Q11_G1.11F.NN.AL.WP,25Q2,6.423059
Chart_8,SAFE.Q.U2.ALL.A.0.0.0.Q11_G1.11G.NN.AL.WP,25Q2,8.020618
Chart_8,SAFE.Q.U2.LAR.A.0.0.0.Q11_G1.11E.NN.AL.WP,25Q2,13.725869
Chart_8,SAFE.Q.U2.LAR.A.0.0.0.Q11_G1.11F.NN.AL.WP,25Q2,6.47415
Chart_8,SAFE.Q.U2.LAR.A.0.0.0.Q11_G1.11G.NN.AL.WP,25Q2,8.736169
Chart_8,SAFE.Q.U2.SME.A.0.0.0.Q11_G1.11E.NN.AL.WP,25Q2,11.026837
Chart_8,SAFE.Q.U2.SME.A.0.0.0.Q11_G1.11F.NN.AL.WP,25Q2,6.392978
Chart_8,SAFE.Q.U2.SME.A.0.0.0.Q11_G1.11G.NN.AL.WP,25Q2,7.55833
Chart_8,SAFE.Q.U2.ALL.A.0.0.0.Q11_G1.11E.NN.AL.WP,25Q3,13.088724
Chart_8,SAFE.Q.U2.ALL.A.0.0.0.Q11_G1.11F.NN.AL.WP,25Q3,1.504522
Chart_8,SAFE.Q.U2.ALL.A.0.0.0.Q11_G1.11G.NN.AL.WP,25Q3,3.800679
Chart_8,SAFE.Q.U2.LAR.A.0.0.0.Q11_G1.11E.NN.AL.WP,25Q3,17.816233
Chart_8,SAFE.Q.U2.LAR.A.0.0.0.Q11_G1.11F.NN.AL.WP,25Q3,-0.446224
Chart_8,SAFE.Q.U2.LAR.A.0.0.0.Q11_G1.11G.NN.AL.WP,25Q3,3.399359
Chart_8,SAFE.Q.U2.SME.A.0.0.0.Q11_G1.11E.NN.AL.WP,25Q3,10.536803
Chart_8,SAFE.Q.U2.SME.A.0.0.0.Q11_G1.11F.NN.AL.WP,25Q3,2.747448
Chart_8,SAFE.Q.U2.SME.A.0.0.0.Q11_G1.11G.NN.AL.WP,25Q3,4.04618
Chart_8,SAFE.Q.U2.ALL.A.0.0.0.Q11_G1.11E.NN.AL.WP,25Q4,11.189797
Chart_8,SAFE.Q.U2.ALL.A.0.0.0.Q11_G1.11F.NN.AL.WP,25Q4,4.427022
Chart_8,SAFE.Q.U2.ALL.A.0.0.0.Q11_G1.11G.NN.AL.WP,25Q4,5.644334
Chart_8,SAFE.Q.U2.LAR.A.0.0.0.Q11_G1.11E.NN.AL.WP,25Q4,14.295546
Chart_8,SAFE.Q.U2.LAR.A.0.0.0.Q11_G1.11F.NN.AL.WP,25Q4,5.177083
Chart_8,SAFE.Q.U2.LAR.A.0.0.0.Q11_G1.11G.NN.AL.WP,25Q4,3.995841
Chart_8,SAFE.Q.U2.SME.A.0.0.0.Q11_G1.11E.NN.AL.WP,25Q4,9.45449
Chart_8,SAFE.Q.U2.SME.A.0.0.0.Q11_G1.11F.NN.AL.WP,25Q4,3.951937
Chart_8,SAFE.Q.U2.SME.A.0.0.0.Q11_G1.11G.NN.AL.WP,25Q4,6.754182
Chart_8,SAFE.Q.U2.ALL.A.0.0.0.Q11_G1.11E.NN.AL.WP,26Q1,8.507264
Chart_8,SAFE.Q.U2.ALL.A.0.0.0.Q11_G1.11F.NN.AL.WP,26Q1,4.511503
Chart_8,SAFE.Q.U2.ALL.A.0.0.0.Q11_G1.11G.NN.AL.WP,26Q1,5.244279
Chart_8,SAFE.Q.U2.LAR.A.0.0.0.Q11_G1.11E.NN.AL.WP,26Q1,8.036684
Chart_8,SAFE.Q.U2.LAR.A.0.0.0.Q11_G1.11F.NN.AL.WP,26Q1,3.795699
Chart_8,SAFE.Q.U2.LAR.A.0.0.0.Q11_G1.11G.NN.AL.WP,26Q1,8.075812
Chart_8,SAFE.Q.U2.SME.A.0.0.0.Q11_G1.11E.NN.AL.WP,26Q1,8.775357
Chart_8,SAFE.Q.U2.SME.A.0.0.0.Q11_G1.11F.NN.AL.WP,26Q1,4.967448
Chart_8,SAFE.Q.U2.SME.A.0.0.0.Q11_G1.11G.NN.AL.WP,26Q1,3.386485
Chart_9,SAFE.H.U2.ALL.A.0.0.0.Q7A.FBLN.R1.AL.WP,22Q4-Q1,29.24275
Chart_9,SAFE.H.U2.ALL.A.0.0.0.Q7A.FBLN.R2.AL.WP,22Q4-Q1,4.191786
Chart_9,SAFE.H.U2.ALL.A.0.0.0.Q7A.FBLN.R3.AL.WP,22Q4-Q1,42.40601
Chart_9,SAFE.H.U2.ALL.A.0.0.0.Q7A.FBLN.R4.AL.WP,22Q4-Q1,22.06867
Chart_9,SAFE.H.U2.LAR.A.0.0.0.Q7A.FBLN.R1.AL.WP,22Q4-Q1,39.8116
Chart_9,SAFE.H.U2.LAR.A.0.0.0.Q7A.FBLN.R2.AL.WP,22Q4-Q1,2.174142
Chart_9,SAFE.H.U2.LAR.A.0.0.0.Q7A.FBLN.R3.AL.WP,22Q4-Q1,39.48541
Chart_9,SAFE.H.U2.LAR.A.0.0.0.Q7A.FBLN.R4.AL.WP,22Q4-Q1,17.37656
Chart_9,SAFE.H.U2.SME.A.0.0.0.Q7A.FBLN.R1.AL.WP,22Q4-Q1,22.36516
Chart_9,SAFE.H.U2.SME.A.0.0.0.Q7A.FBLN.R2.AL.WP,22Q4-Q1,5.50475
Chart_9,SAFE.H.U2.SME.A.0.0.0.Q7A.FBLN.R3.AL.WP,22Q4-Q1,44.30656
Chart_9,SAFE.H.U2.SME.A.0.0.0.Q7A.FBLN.R4.AL.WP,22Q4-Q1,25.12201
Chart_9,SAFE.H.U2.ALL.A.0.0.0.Q7A.FBLN.R1.AL.WP,23Q2-Q3,27.38493
Chart_9,SAFE.H.U2.ALL.A.0.0.0.Q7A.FBLN.R2.AL.WP,23Q2-Q3,3.611744
Chart_9,SAFE.H.U2.ALL.A.0.0.0.Q7A.FBLN.R3.AL.WP,23Q2-Q3,43.55002
Chart_9,SAFE.H.U2.ALL.A.0.0.0.Q7A.FBLN.R4.AL.WP,23Q2-Q3,23.67232
Chart_9,SAFE.H.U2.LAR.A.0.0.0.Q7A.FBLN.R1.AL.WP,23Q2-Q3,37.37496
Chart_9,SAFE.H.U2.LAR.A.0.0.0.Q7A.FBLN.R2.AL.WP,23Q2-Q3,1.946924
Chart_9,SAFE.H.U2.LAR.A.0.0.0.Q7A.FBLN.R3.AL.WP,23Q2-Q3,40.06314
Chart_9,SAFE.H.U2.LAR.A.0.0.0.Q7A.FBLN.R4.AL.WP,23Q2-Q3,19.09512
Chart_9,SAFE.H.U2.SME.A.0.0.0.Q7A.FBLN.R1.AL.WP,23Q2-Q3,21.00451
Chart_9,SAFE.H.U2.SME.A.0.0.0.Q7A.FBLN.R2.AL.WP,23Q2-Q3,4.675029
Chart_9,SAFE.H.U2.SME.A.0.0.0.Q7A.FBLN.R3.AL.WP,23Q2-Q3,45.77701
Chart_9,SAFE.H.U2.SME.A.0.0.0.Q7A.FBLN.R4.AL.WP,23Q2-Q3,26.59569
Chart_9,SAFE.H.U2.ALL.A.0.0.0.Q7A.FBLN.R1.AL.WP,23Q4-Q1,24.00694
Chart_9,SAFE.H.U2.ALL.A.0.0.0.Q7A.FBLN.R2.AL.WP,23Q4-Q1,4.171636
Chart_9,SAFE.H.U2.ALL.A.0.0.0.Q7A.FBLN.R3.AL.WP,23Q4-Q1,48.68895
Chart_9,SAFE.H.U2.ALL.A.0.0.0.Q7A.FBLN.R4.AL.WP,23Q4-Q1,21.75598
Chart_9,SAFE.H.U2.LAR.A.0.0.0.Q7A.FBLN.R1.AL.WP,23Q4-Q1,33.01034
Chart_9,SAFE.H.U2.LAR.A.0.0.0.Q7A.FBLN.R2.AL.WP,23Q4-Q1,1.736569
Chart_9,SAFE.H.U2.LAR.A.0.0.0.Q7A.FBLN.R3.AL.WP,23Q4-Q1,47.07678
Chart_9,SAFE.H.U2.LAR.A.0.0.0.Q7A.FBLN.R4.AL.WP,23Q4-Q1,17.44808
Chart_9,SAFE.H.U2.SME.A.0.0.0.Q7A.FBLN.R1.AL.WP,23Q4-Q1,17.74461
Chart_9,SAFE.H.U2.SME.A.0.0.0.Q7A.FBLN.R2.AL.WP,23Q4-Q1,5.865351
Chart_9,SAFE.H.U2.SME.A.0.0.0.Q7A.FBLN.R3.AL.WP,23Q4-Q1,49.8103
Chart_9,SAFE.H.U2.SME.A.0.0.0.Q7A.FBLN.R4.AL.WP,23Q4-Q1,24.75234
Chart_9,SAFE.H.U2.ALL.A.0.0.0.Q7A.FBLN.R1.AL.WP,24Q2-Q3,23.1469
Chart_9,SAFE.H.U2.ALL.A.0.0.0.Q7A.FBLN.R2.AL.WP,24Q2-Q3,4.9428
Chart_9,SAFE.H.U2.ALL.A.0.0.0.Q7A.FBLN.R3.AL.WP,24Q2-Q3,48.3589
Chart_9,SAFE.H.U2.ALL.A.0.0.0.Q7A.FBLN.R4.AL.WP,24Q2-Q3,22.2195
Chart_9,SAFE.H.U2.LAR.A.0.0.0.Q7A.FBLN.R1.AL.WP,24Q2-Q3,29.4195
Chart_9,SAFE.H.U2.LAR.A.0.0.0.Q7A.FBLN.R2.AL.WP,24Q2-Q3,4.0399
Chart_9,SAFE.H.U2.LAR.A.0.0.0.Q7A.FBLN.R3.AL.WP,24Q2-Q3,49.0536
Chart_9,SAFE.H.U2.LAR.A.0.0.0.Q7A.FBLN.R4.AL.WP,24Q2-Q3,15.8304
Chart_9,SAFE.H.U2.SME.A.0.0.0.Q7A.FBLN.R1.AL.WP,24Q2-Q3,19.1567
Chart_9,SAFE.H.U2.SME.A.0.0.0.Q7A.FBLN.R2.AL.WP,24Q2-Q3,5.5184
Chart_9,SAFE.H.U2.SME.A.0.0.0.Q7A.FBLN.R3.AL.WP,24Q2-Q3,47.9285
Chart_9,SAFE.H.U2.SME.A.0.0.0.Q7A.FBLN.R4.AL.WP,24Q2-Q3,26.2927
Chart_9,SAFE.H.U2.ALL.A.0.0.0.Q7A.FBLN.R1.AL.WP,24Q4-Q1,24.5956
Chart_9,SAFE.H.U2.ALL.A.0.0.0.Q7A.FBLN.R2.AL.WP,24Q4-Q1,3.5374
Chart_9,SAFE.H.U2.ALL.A.0.0.0.Q7A.FBLN.R3.AL.WP,24Q4-Q1,47.3668
Chart_9,SAFE.H.U2.ALL.A.0.0.0.Q7A.FBLN.R4.AL.WP,24Q4-Q1,24.2987
Chart_9,SAFE.H.U2.LAR.A.0.0.0.Q7A.FBLN.R1.AL.WP,24Q4-Q1,34.6818
Chart_9,SAFE.H.U2.LAR.A.0.0.0.Q7A.FBLN.R2.AL.WP,24Q4-Q1,1.3796
Chart_9,SAFE.H.U2.LAR.A.0.0.0.Q7A.FBLN.R3.AL.WP,24Q4-Q1,45.9916
Chart_9,SAFE.H.U2.LAR.A.0.0.0.Q7A.FBLN.R4.AL.WP,24Q4-Q1,17.9448
Chart_9,SAFE.H.U2.SME.A.0.0.0.Q7A.FBLN.R1.AL.WP,24Q4-Q1,18.1965
Chart_9,SAFE.H.U2.SME.A.0.0.0.Q7A.FBLN.R2.AL.WP,24Q4-Q1,4.9073
Chart_9,SAFE.H.U2.SME.A.0.0.0.Q7A.FBLN.R3.AL.WP,24Q4-Q1,48.2545
Chart_9,SAFE.H.U2.SME.A.0.0.0.Q7A.FBLN.R4.AL.WP,24Q4-Q1,28.3448
Chart_9,SAFE.H.U2.ALL.A.0.0.0.Q7A.FBLN.R1.AL.WP,25Q2-Q3,26.6534
Chart_9,SAFE.H.U2.ALL.A.0.0.0.Q7A.FBLN.R2.AL.WP,25Q2-Q3,3.3897
Chart_9,SAFE.H.U2.ALL.A.0.0.0.Q7A.FBLN.R3.AL.WP,25Q2-Q3,45.4331
Chart_9,SAFE.H.U2.ALL.A.0.0.0.Q7A.FBLN.R4.AL.WP,25Q2-Q3,23.9082
Chart_9,SAFE.H.U2.LAR.A.0.0.0.Q7A.FBLN.R1.AL.WP,25Q2-Q3,37.9922
Chart_9,SAFE.H.U2.LAR.A.0.0.0.Q7A.FBLN.R2.AL.WP,25Q2-Q3,2.2205
Chart_9,SAFE.H.U2.LAR.A.0.0.0.Q7A.FBLN.R3.AL.WP,25Q2-Q3,41.5473
Chart_9,SAFE.H.U2.LAR.A.0.0.0.Q7A.FBLN.R4.AL.WP,25Q2-Q3,17.697
Chart_9,SAFE.H.U2.SME.A.0.0.0.Q7A.FBLN.R1.AL.WP,25Q2-Q3,19.2506
Chart_9,SAFE.H.U2.SME.A.0.0.0.Q7A.FBLN.R2.AL.WP,25Q2-Q3,4.1551
Chart_9,SAFE.H.U2.SME.A.0.0.0.Q7A.FBLN.R3.AL.WP,25Q2-Q3,47.9916
Chart_9,SAFE.H.U2.SME.A.0.0.0.Q7A.FBLN.R4.AL.WP,25Q2-Q3,27.9779
Chart_9,SAFE.H.U2.ALL.A.0.0.0.Q7A.FBLN.R1.AL.WP,25Q4-Q1,25.6259
Chart_9,SAFE.H.U2.ALL.A.0.0.0.Q7A.FBLN.R2.AL.WP,25Q4-Q1,3.1389
Chart_9,SAFE.H.U2.ALL.A.0.0.0.Q7A.FBLN.R3.AL.WP,25Q4-Q1,45.5006
Chart_9,SAFE.H.U2.ALL.A.0.0.0.Q7A.FBLN.R4.AL.WP,25Q4-Q1,25.4077
Chart_9,SAFE.H.U2.LAR.A.0.0.0.Q7A.FBLN.R1.AL.WP,25Q4-Q1,35.5866
Chart_9,SAFE.H.U2.LAR.A.0.0.0.Q7A.FBLN.R2.AL.WP,25Q4-Q1,1.4652
Chart_9,SAFE.H.U2.LAR.A.0.0.0.Q7A.FBLN.R3.AL.WP,25Q4-Q1,44.0577
Chart_9,SAFE.H.U2.LAR.A.0.0.0.Q7A.FBLN.R4.AL.WP,25Q4-Q1,18.5732
Chart_9,SAFE.H.U2.SME.A.0.0.0.Q7A.FBLN.R1.AL.WP,25Q4-Q1,19.6096
Chart_9,SAFE.H.U2.SME.A.0.0.0.Q7A.FBLN.R2.AL.WP,25Q4-Q1,4.1503
Chart_9,SAFE.H.U2.SME.A.0.0.0.Q7A.FBLN.R3.AL.WP,25Q4-Q1,46.3786
Chart_9,SAFE.H.U2.SME.A.0.0.0.Q7A.FBLN.R4.AL.WP,25Q4-Q1,29.5396
Chart_9,SAFE.H.U2.ALL.A.0.0.0.Q7A.FBLN.R1.AL.WP,24Q2,18.5075254664727
Chart_9,SAFE.H.U2.ALL.A.0.0.0.Q7A.FBLN.R2.AL.WP,24Q2,2.37676105925267
Chart_9,SAFE.H.U2.ALL.A.0.0.0.Q7A.FBLN.R3.AL.WP,24Q2,51.1966270872546
Chart_9,SAFE.H.U2.ALL.A.0.0.0.Q7A.FBLN.R4.AL.WP,24Q2,25.5691660118671
Chart_9,SAFE.H.U2.LAR.A.0.0.0.Q7A.FBLN.R1.AL.WP,24Q2,24.9936126999226
Chart_9,SAFE.H.U2.LAR.A.0.0.0.Q7A.FBLN.R2.AL.WP,24Q2,0.315242568073092
Chart_9,SAFE.H.U2.LAR.A.0.0.0.Q7A.FBLN.R3.AL.WP,24Q2,50.2360034856772
Chart_9,SAFE.H.U2.LAR.A.0.0.0.Q7A.FBLN.R4.AL.WP,24Q2,21.8137916523444
Chart_9,SAFE.H.U2.SME.A.0.0.0.Q7A.FBLN.R1.AL.WP,24Q2,13.8986536161201
Chart_9,SAFE.H.U2.SME.A.0.0.0.Q7A.FBLN.R2.AL.WP,24Q2,3.84163104958802
Chart_9,SAFE.H.U2.SME.A.0.0.0.Q7A.FBLN.R3.AL.WP,24Q2,51.8792252264313
Chart_9,SAFE.H.U2.SME.A.0.0.0.Q7A.FBLN.R4.AL.WP,24Q2,28.2376529671267
Chart_9,SAFE.H.U2.ALL.A.0.0.0.Q7A.FBLN.R1.AL.WP,24Q3,17.372
Chart_9,SAFE.H.U2.ALL.A.0.0.0.Q7A.FBLN.R2.AL.WP,24Q3,3.2546
Chart_9,SAFE.H.U2.ALL.A.0.0.0.Q7A.FBLN.R3.AL.WP,24Q3,53.9054
Chart_9,SAFE.H.U2.ALL.A.0.0.0.Q7A.FBLN.R4.AL.WP,24Q3,24.0961
Chart_9,SAFE.H.U2.LAR.A.0.0.0.Q7A.FBLN.R1.AL.WP,24Q3,24.6977
Chart_9,SAFE.H.U2.LAR.A.0.0.0.Q7A.FBLN.R2.AL.WP,24Q3,1.7212
Chart_9,SAFE.H.U2.LAR.A.0.0.0.Q7A.FBLN.R3.AL.WP,24Q3,55.7074
Chart_9,SAFE.H.U2.LAR.A.0.0.0.Q7A.FBLN.R4.AL.WP,24Q3,16.1176
Chart_9,SAFE.H.U2.SME.A.0.0.0.Q7A.FBLN.R1.AL.WP,24Q3,12.7396
Chart_9,SAFE.H.U2.SME.A.0.0.0.Q7A.FBLN.R2.AL.WP,24Q3,4.2244
Chart_9,SAFE.H.U2.SME.A.0.0.0.Q7A.FBLN.R3.AL.WP,24Q3,52.7666
Chart_9,SAFE.H.U2.SME.A.0.0.0.Q7A.FBLN.R4.AL.WP,24Q3,29.1404
Chart_9,SAFE.H.U2.ALL.A.0.0.0.Q7A.FBLN.R1.AL.WP,24Q4,16.9928
Chart_9,SAFE.H.U2.ALL.A.0.0.0.Q7A.FBLN.R2.AL.WP,24Q4,4.0734
Chart_9,SAFE.H.U2.ALL.A.0.0.0.Q7A.FBLN.R3.AL.WP,24Q4,52.8357
Chart_9,SAFE.H.U2.ALL.A.0.0.0.Q7A.FBLN.R4.AL.WP,24Q4,25.9771
Chart_9,SAFE.H.U2.LAR.A.0.0.0.Q7A.FBLN.R1.AL.WP,24Q4,23.1663
Chart_9,SAFE.H.U2.LAR.A.0.0.0.Q7A.FBLN.R2.AL.WP,24Q4,3.5806
Chart_9,SAFE.H.U2.LAR.A.0.0.0.Q7A.FBLN.R3.AL.WP,24Q4,52.9355
Chart_9,SAFE.H.U2.LAR.A.0.0.0.Q7A.FBLN.R4.AL.WP,24Q4,20.3185
Chart_9,SAFE.H.U2.SME.A.0.0.0.Q7A.FBLN.R1.AL.WP,24Q4,13.2998
Chart_9,SAFE.H.U2.SME.A.0.0.0.Q7A.FBLN.R2.AL.WP,24Q4,4.3681
Chart_9,SAFE.H.U2.SME.A.0.0.0.Q7A.FBLN.R3.AL.WP,24Q4,52.7739
Chart_9,SAFE.H.U2.SME.A.0.0.0.Q7A.FBLN.R4.AL.WP,24Q4,29.3596
Chart_9,SAFE.H.U2.ALL.A.0.0.0.Q7A.FBLN.R1.AL.WP,25Q1,19.033
Chart_9,SAFE.H.U2.ALL.A.0.0.0.Q7A.FBLN.R2.AL.WP,25Q1,3.4701
Chart_9,SAFE.H.U2.ALL.A.0.0.0.Q7A.FBLN.R3.AL.WP,25Q1,51.8848
Chart_9,SAFE.H.U2.ALL.A.0.0.0.Q7A.FBLN.R4.AL.WP,25Q1,25.2355
Chart_9,SAFE.H.U2.LAR.A.0.0.0.Q7A.FBLN.R1.AL.WP,25Q1,24.5831
Chart_9,SAFE.H.U2.LAR.A.0.0.0.Q7A.FBLN.R2.AL.WP,25Q1,2.5172
Chart_9,SAFE.H.U2.LAR.A.0.0.0.Q7A.FBLN.R3.AL.WP,25Q1,53.8096
Chart_9,SAFE.H.U2.LAR.A.0.0.0.Q7A.FBLN.R4.AL.WP,25Q1,18.9583
Chart_9,SAFE.H.U2.SME.A.0.0.0.Q7A.FBLN.R1.AL.WP,25Q1,15.5313
Chart_9,SAFE.H.U2.SME.A.0.0.0.Q7A.FBLN.R2.AL.WP,25Q1,4.0705
Chart_9,SAFE.H.U2.SME.A.0.0.0.Q7A.FBLN.R3.AL.WP,25Q1,50.6704
Chart_9,SAFE.H.U2.SME.A.0.0.0.Q7A.FBLN.R4.AL.WP,25Q1,29.191
Chart_9,SAFE.H.U2.ALL.A.0.0.0.Q7A.FBLN.R1.AL.WP,25Q2,22.619
Chart_9,SAFE.H.U2.ALL.A.0.0.0.Q7A.FBLN.R2.AL.WP,25Q2,3.1105
Chart_9,SAFE.H.U2.ALL.A.0.0.0.Q7A.FBLN.R3.AL.WP,25Q2,49.326
Chart_9,SAFE.H.U2.ALL.A.0.0.0.Q7A.FBLN.R4.AL.WP,25Q2,24.5224
Chart_9,SAFE.H.U2.LAR.A.0.0.0.Q7A.FBLN.R1.AL.WP,25Q2,30.5538
Chart_9,SAFE.H.U2.LAR.A.0.0.0.Q7A.FBLN.R2.AL.WP,25Q2,1.7169
Chart_9,SAFE.H.U2.LAR.A.0.0.0.Q7A.FBLN.R3.AL.WP,25Q2,46.1632
Chart_9,SAFE.H.U2.LAR.A.0.0.0.Q7A.FBLN.R4.AL.WP,25Q2,21.4164
Chart_9,SAFE.H.U2.SME.A.0.0.0.Q7A.FBLN.R1.AL.WP,25Q2,17.8305
Chart_9,SAFE.H.U2.SME.A.0.0.0.Q7A.FBLN.R2.AL.WP,25Q2,3.9515
Chart_9,SAFE.H.U2.SME.A.0.0.0.Q7A.FBLN.R3.AL.WP,25Q2,51.2316
Chart_9,SAFE.H.U2.SME.A.0.0.0.Q7A.FBLN.R4.AL.WP,25Q2,26.3943
Chart_9,SAFE.H.U2.ALL.A.0.0.0.Q7A.FBLN.R1.AL.WP,25Q3,17.4135
Chart_9,SAFE.H.U2.ALL.A.0.0.0.Q7A.FBLN.R2.AL.WP,25Q3,3.0917
Chart_9,SAFE.H.U2.ALL.A.0.0.0.Q7A.FBLN.R3.AL.WP,25Q3,55.0893
Chart_9,SAFE.H.U2.ALL.A.0.0.0.Q7A.FBLN.R4.AL.WP,25Q3,23.6825
Chart_9,SAFE.H.U2.LAR.A.0.0.0.Q7A.FBLN.R1.AL.WP,25Q3,21.7233
Chart_9,SAFE.H.U2.LAR.A.0.0.0.Q7A.FBLN.R2.AL.WP,25Q3,2.3622
Chart_9,SAFE.H.U2.LAR.A.0.0.0.Q7A.FBLN.R3.AL.WP,25Q3,59.0194
Chart_9,SAFE.H.U2.LAR.A.0.0.0.Q7A.FBLN.R4.AL.WP,25Q3,15.6517
Chart_9,SAFE.H.U2.SME.A.0.0.0.Q7A.FBLN.R1.AL.WP,25Q3,14.5106
Chart_9,SAFE.H.U2.SME.A.0.0.0.Q7A.FBLN.R2.AL.WP,25Q3,3.5832
Chart_9,SAFE.H.U2.SME.A.0.0.0.Q7A.FBLN.R3.AL.WP,25Q3,52.4399
Chart_9,SAFE.H.U2.SME.A.0.0.0.Q7A.FBLN.R4.AL.WP,25Q3,29.096
Chart_9,SAFE.H.U2.ALL.A.0.0.0.Q7A.FBLN.R1.AL.WP,25Q4,22.5775
Chart_9,SAFE.H.U2.ALL.A.0.0.0.Q7A.FBLN.R2.AL.WP,25Q4,3.7219
Chart_9,SAFE.H.U2.ALL.A.0.0.0.Q7A.FBLN.R3.AL.WP,25Q4,48.021
Chart_9,SAFE.H.U2.ALL.A.0.0.0.Q7A.FBLN.R4.AL.WP,25Q4,25.3107
Chart_9,SAFE.H.U2.LAR.A.0.0.0.Q7A.FBLN.R1.AL.WP,25Q4,30.2405
Chart_9,SAFE.H.U2.LAR.A.0.0.0.Q7A.FBLN.R2.AL.WP,25Q4,2.2869
Chart_9,SAFE.H.U2.LAR.A.0.0.0.Q7A.FBLN.R3.AL.WP,25Q4,45.3114
Chart_9,SAFE.H.U2.LAR.A.0.0.0.Q7A.FBLN.R4.AL.WP,25Q4,21.9844
Chart_9,SAFE.H.U2.SME.A.0.0.0.Q7A.FBLN.R1.AL.WP,25Q4,17.4648
Chart_9,SAFE.H.U2.SME.A.0.0.0.Q7A.FBLN.R2.AL.WP,25Q4,4.6804
Chart_9,SAFE.H.U2.SME.A.0.0.0.Q7A.FBLN.R3.AL.WP,25Q4,49.8456
Chart_9,SAFE.H.U2.SME.A.0.0.0.Q7A.FBLN.R4.AL.WP,25Q4,27.539
Chart_9,SAFE.H.U2.ALL.A.0.0.0.Q7A.FBLN.R1.AL.WP,26Q1,21.3193
Chart_9,SAFE.H.U2.ALL.A.0.0.0.Q7A.FBLN.R2.AL.WP,26Q1,3.1866
Chart_9,SAFE.H.U2.ALL.A.0.0.0.Q7A.FBLN.R3.AL.WP,26Q1,47.9568
Chart_9,SAFE.H.U2.ALL.A.0.0.0.Q7A.FBLN.R4.AL.WP,26Q1,27.2696
Chart_9,SAFE.H.U2.LAR.A.0.0.0.Q7A.FBLN.R1.AL.WP,26Q1,27.1334
Chart_9,SAFE.H.U2.LAR.A.0.0.0.Q7A.FBLN.R2.AL.WP,26Q1,1.2451
Chart_9,SAFE.H.U2.LAR.A.0.0.0.Q7A.FBLN.R3.AL.WP,26Q1,47.1155
Chart_9,SAFE.H.U2.LAR.A.0.0.0.Q7A.FBLN.R4.AL.WP,26Q1,24.2738
Chart_9,SAFE.H.U2.SME.A.0.0.0.Q7A.FBLN.R1.AL.WP,26Q1,17.3198
Chart_9,SAFE.H.U2.SME.A.0.0.0.Q7A.FBLN.R2.AL.WP,26Q1,4.5231
Chart_9,SAFE.H.U2.SME.A.0.0.0.Q7A.FBLN.R3.AL.WP,26Q1,48.5408
Chart_9,SAFE.H.U2.SME.A.0.0.0.Q7A.FBLN.R4.AL.WP,26Q1,29.3388
Chart_9,SAFE.Q.U2.ALL.A.0.0.0.Q7A_G1.FBLN.R1.AL.WP,24Q2,18.5075254664727
Chart_9,SAFE.Q.U2.ALL.A.0.0.0.Q7A_G1.FBLN.R2.AL.WP,24Q2,2.37676105925267
Chart_9,SAFE.Q.U2.ALL.A.0.0.0.Q7A_G1.FBLN.R3.AL.WP,24Q2,51.1966270872546
Chart_9,SAFE.Q.U2.ALL.A.0.0.0.Q7A_G1.FBLN.R4.AL.WP,24Q2,25.5691660118671
Chart_9,SAFE.Q.U2.LAR.A.0.0.0.Q7A_G1.FBLN.R1.AL.WP,24Q2,24.9936126999226
Chart_9,SAFE.Q.U2.LAR.A.0.0.0.Q7A_G1.FBLN.R2.AL.WP,24Q2,0.315242568073092
Chart_9,SAFE.Q.U2.LAR.A.0.0.0.Q7A_G1.FBLN.R3.AL.WP,24Q2,50.2360034856772
Chart_9,SAFE.Q.U2.LAR.A.0.0.0.Q7A_G1.FBLN.R4.AL.WP,24Q2,21.8137916523444
Chart_9,SAFE.Q.U2.SME.A.0.0.0.Q7A_G1.FBLN.R1.AL.WP,24Q2,13.8986536161201
Chart_9,SAFE.Q.U2.SME.A.0.0.0.Q7A_G1.FBLN.R2.AL.WP,24Q2,3.84163104958802
Chart_9,SAFE.Q.U2.SME.A.0.0.0.Q7A_G1.FBLN.R3.AL.WP,24Q2,51.8792252264313
Chart_9,SAFE.Q.U2.SME.A.0.0.0.Q7A_G1.FBLN.R4.AL.WP,24Q2,28.2376529671267
Chart_9,SAFE.Q.U2.ALL.A.0.0.0.Q7A_G1.FBLN.R1.AL.WP,24Q3,17.372
Chart_9,SAFE.Q.U2.ALL.A.0.0.0.Q7A_G1.FBLN.R2.AL.WP,24Q3,3.2546
Chart_9,SAFE.Q.U2.ALL.A.0.0.0.Q7A_G1.FBLN.R3.AL.WP,24Q3,53.9054
Chart_9,SAFE.Q.U2.ALL.A.0.0.0.Q7A_G1.FBLN.R4.AL.WP,24Q3,24.0961
Chart_9,SAFE.Q.U2.LAR.A.0.0.0.Q7A_G1.FBLN.R1.AL.WP,24Q3,24.6977
Chart_9,SAFE.Q.U2.LAR.A.0.0.0.Q7A_G1.FBLN.R2.AL.WP,24Q3,1.7212
Chart_9,SAFE.Q.U2.LAR.A.0.0.0.Q7A_G1.FBLN.R3.AL.WP,24Q3,55.7074
Chart_9,SAFE.Q.U2.LAR.A.0.0.0.Q7A_G1.FBLN.R4.AL.WP,24Q3,16.1176
Chart_9,SAFE.Q.U2.SME.A.0.0.0.Q7A_G1.FBLN.R1.AL.WP,24Q3,12.7396
Chart_9,SAFE.Q.U2.SME.A.0.0.0.Q7A_G1.FBLN.R2.AL.WP,24Q3,4.2244
Chart_9,SAFE.Q.U2.SME.A.0.0.0.Q7A_G1.FBLN.R3.AL.WP,24Q3,52.7666
Chart_9,SAFE.Q.U2.SME.A.0.0.0.Q7A_G1.FBLN.R4.AL.WP,24Q3,29.1404
Chart_9,SAFE.Q.U2.ALL.A.0.0.0.Q7A_G1.FBLN.R1.AL.WP,24Q4,16.9928
Chart_9,SAFE.Q.U2.ALL.A.0.0.0.Q7A_G1.FBLN.R2.AL.WP,24Q4,4.0734
Chart_9,SAFE.Q.U2.ALL.A.0.0.0.Q7A_G1.FBLN.R3.AL.WP,24Q4,52.8357
Chart_9,SAFE.Q.U2.ALL.A.0.0.0.Q7A_G1.FBLN.R4.AL.WP,24Q4,25.9771
Chart_9,SAFE.Q.U2.LAR.A.0.0.0.Q7A_G1.FBLN.R1.AL.WP,24Q4,23.1663
Chart_9,SAFE.Q.U2.LAR.A.0.0.0.Q7A_G1.FBLN.R2.AL.WP,24Q4,3.5806
Chart_9,SAFE.Q.U2.LAR.A.0.0.0.Q7A_G1.FBLN.R3.AL.WP,24Q4,52.9355
Chart_9,SAFE.Q.U2.LAR.A.0.0.0.Q7A_G1.FBLN.R4.AL.WP,24Q4,20.3185
Chart_9,SAFE.Q.U2.SME.A.0.0.0.Q7A_G1.FBLN.R1.AL.WP,24Q4,13.2998
Chart_9,SAFE.Q.U2.SME.A.0.0.0.Q7A_G1.FBLN.R2.AL.WP,24Q4,4.3681
Chart_9,SAFE.Q.U2.SME.A.0.0.0.Q7A_G1.FBLN.R3.AL.WP,24Q4,52.7739
Chart_9,SAFE.Q.U2.SME.A.0.0.0.Q7A_G1.FBLN.R4.AL.WP,24Q4,29.3596
Chart_9,SAFE.Q.U2.ALL.A.0.0.0.Q7A_G1.FBLN.R1.AL.WP,25Q1,19.033
Chart_9,SAFE.Q.U2.ALL.A.0.0.0.Q7A_G1.FBLN.R2.AL.WP,25Q1,3.4701
Chart_9,SAFE.Q.U2.ALL.A.0.0.0.Q7A_G1.FBLN.R3.AL.WP,25Q1,51.8848
Chart_9,SAFE.Q.U2.ALL.A.0.0.0.Q7A_G1.FBLN.R4.AL.WP,25Q1,25.2355
Chart_9,SAFE.Q.U2.LAR.A.0.0.0.Q7A_G1.FBLN.R1.AL.WP,25Q1,24.5831
Chart_9,SAFE.Q.U2.LAR.A.0.0.0.Q7A_G1.FBLN.R2.AL.WP,25Q1,2.5172
Chart_9,SAFE.Q.U2.LAR.A.0.0.0.Q7A_G1.FBLN.R3.AL.WP,25Q1,53.8096
Chart_9,SAFE.Q.U2.LAR.A.0.0.0.Q7A_G1.FBLN.R4.AL.WP,25Q1,18.9583
Chart_9,SAFE.Q.U2.SME.A.0.0.0.Q7A_G1.FBLN.R1.AL.WP,25Q1,15.5313
Chart_9,SAFE.Q.U2.SME.A.0.0.0.Q7A_G1.FBLN.R2.AL.WP,25Q1,4.0705
Chart_9,SAFE.Q.U2.SME.A.0.0.0.Q7A_G1.FBLN.R3.AL.WP,25Q1,50.6704
Chart_9,SAFE.Q.U2.SME.A.0.0.0.Q7A_G1.FBLN.R4.AL.WP,25Q1,29.191
Chart_9,SAFE.Q.U2.ALL.A.0.0.0.Q7A_G1.FBLN.R1.AL.WP,25Q2,22.619
Chart_9,SAFE.Q.U2.ALL.A.0.0.0.Q7A_G1.FBLN.R2.AL.WP,25Q2,3.1105
Chart_9,SAFE.Q.U2.ALL.A.0.0.0.Q7A_G1.FBLN.R3.AL.WP,25Q2,49.326
Chart_9,SAFE.Q.U2.ALL.A.0.0.0.Q7A_G1.FBLN.R4.AL.WP,25Q2,24.5224
Chart_9,SAFE.Q.U2.LAR.A.0.0.0.Q7A_G1.FBLN.R1.AL.WP,25Q2,30.5538
Chart_9,SAFE.Q.U2.LAR.A.0.0.0.Q7A_G1.FBLN.R2.AL.WP,25Q2,1.7169
Chart_9,SAFE.Q.U2.LAR.A.0.0.0.Q7A_G1.FBLN.R3.AL.WP,25Q2,46.1632
Chart_9,SAFE.Q.U2.LAR.A.0.0.0.Q7A_G1.FBLN.R4.AL.WP,25Q2,21.4164
Chart_9,SAFE.Q.U2.SME.A.0.0.0.Q7A_G1.FBLN.R1.AL.WP,25Q2,17.8305
Chart_9,SAFE.Q.U2.SME.A.0.0.0.Q7A_G1.FBLN.R2.AL.WP,25Q2,3.9515
Chart_9,SAFE.Q.U2.SME.A.0.0.0.Q7A_G1.FBLN.R3.AL.WP,25Q2,51.2316
Chart_9,SAFE.Q.U2.SME.A.0.0.0.Q7A_G1.FBLN.R4.AL.WP,25Q2,26.3943
Chart_9,SAFE.Q.U2.ALL.A.0.0.0.Q7A_G1.FBLN.R1.AL.WP,25Q3,17.4135
Chart_9,SAFE.Q.U2.ALL.A.0.0.0.Q7A_G1.FBLN.R2.AL.WP,25Q3,3.0917
Chart_9,SAFE.Q.U2.ALL.A.0.0.0.Q7A_G1.FBLN.R3.AL.WP,25Q3,55.0893
Chart_9,SAFE.Q.U2.ALL.A.0.0.0.Q7A_G1.FBLN.R4.AL.WP,25Q3,23.6825
Chart_9,SAFE.Q.U2.LAR.A.0.0.0.Q7A_G1.FBLN.R1.AL.WP,25Q3,21.7233
Chart_9,SAFE.Q.U2.LAR.A.0.0.0.Q7A_G1.FBLN.R2.AL.WP,25Q3,2.3622
Chart_9,SAFE.Q.U2.LAR.A.0.0.0.Q7A_G1.FBLN.R3.AL.WP,25Q3,59.0194
Chart_9,SAFE.Q.U2.LAR.A.0.0.0.Q7A_G1.FBLN.R4.AL.WP,25Q3,15.6517
Chart_9,SAFE.Q.U2.SME.A.0.0.0.Q7A_G1.FBLN.R1.AL.WP,25Q3,14.5106
Chart_9,SAFE.Q.U2.SME.A.0.0.0.Q7A_G1.FBLN.R2.AL.WP,25Q3,3.5832
Chart_9,SAFE.Q.U2.SME.A.0.0.0.Q7A_G1.FBLN.R3.AL.WP,25Q3,52.4399
Chart_9,SAFE.Q.U2.SME.A.0.0.0.Q7A_G1.FBLN.R4.AL.WP,25Q3,29.096
Chart_9,SAFE.Q.U2.ALL.A.0.0.0.Q7A_G1.FBLN.R1.AL.WP,25Q4,22.5775
Chart_9,SAFE.Q.U2.ALL.A.0.0.0.Q7A_G1.FBLN.R2.AL.WP,25Q4,3.7219
Chart_9,SAFE.Q.U2.ALL.A.0.0.0.Q7A_G1.FBLN.R3.AL.WP,25Q4,48.021
Chart_9,SAFE.Q.U2.ALL.A.0.0.0.Q7A_G1.FBLN.R4.AL.WP,25Q4,25.3107
Chart_9,SAFE.Q.U2.LAR.A.0.0.0.Q7A_G1.FBLN.R1.AL.WP,25Q4,30.2405
Chart_9,SAFE.Q.U2.LAR.A.0.0.0.Q7A_G1.FBLN.R2.AL.WP,25Q4,2.2869
Chart_9,SAFE.Q.U2.LAR.A.0.0.0.Q7A_G1.FBLN.R3.AL.WP,25Q4,45.3114
Chart_9,SAFE.Q.U2.LAR.A.0.0.0.Q7A_G1.FBLN.R4.AL.WP,25Q4,21.9844
Chart_9,SAFE.Q.U2.SME.A.0.0.0.Q7A_G1.FBLN.R1.AL.WP,25Q4,17.4648
Chart_9,SAFE.Q.U2.SME.A.0.0.0.Q7A_G1.FBLN.R2.AL.WP,25Q4,4.6804
Chart_9,SAFE.Q.U2.SME.A.0.0.0.Q7A_G1.FBLN.R3.AL.WP,25Q4,49.8456
Chart_9,SAFE.Q.U2.SME.A.0.0.0.Q7A_G1.FBLN.R4.AL.WP,25Q4,27.539
Chart_9,SAFE.Q.U2.ALL.A.0.0.0.Q7A_G1.FBLN.R1.AL.WP,26Q1,21.3193
Chart_9,SAFE.Q.U2.ALL.A.0.0.0.Q7A_G1.FBLN.R2.AL.WP,26Q1,3.1866
Chart_9,SAFE.Q.U2.ALL.A.0.0.0.Q7A_G1.FBLN.R3.AL.WP,26Q1,47.9568
Chart_9,SAFE.Q.U2.ALL.A.0.0.0.Q7A_G1.FBLN.R4.AL.WP,26Q1,27.2696
Chart_9,SAFE.Q.U2.LAR.A.0.0.0.Q7A_G1.FBLN.R1.AL.WP,26Q1,27.1334
Chart_9,SAFE.Q.U2.LAR.A.0.0.0.Q7A_G1.FBLN.R2.AL.WP,26Q1,1.2451
Chart_9,SAFE.Q.U2.LAR.A.0.0.0.Q7A_G1.FBLN.R3.AL.WP,26Q1,47.1155
Chart_9,SAFE.Q.U2.LAR.A.0.0.0.Q7A_G1.FBLN.R4.AL.WP,26Q1,24.2738
Chart_9,SAFE.Q.U2.SME.A.0.0.0.Q7A_G1.FBLN.R1.AL.WP,26Q1,17.3198
Chart_9,SAFE.Q.U2.SME.A.0.0.0.Q7A_G1.FBLN.R2.AL.WP,26Q1,4.5231
Chart_9,SAFE.Q.U2.SME.A.0.0.0.Q7A_G1.FBLN.R3.AL.WP,26Q1,48.5408
Chart_9,SAFE.Q.U2.SME.A.0.0.0.Q7A_G1.FBLN.R4.AL.WP,26Q1,29.3388
Chart_10,SAFE.H.U2.ALL.A.0.0.0.FOB.FBLN.S3.AL.WP,22Q4-Q1,0.580367191671705
Chart_10,SAFE.H.U2.ALL.A.0.0.0.FOB.FBLN.S4.AL.WP,22Q4-Q1,1.11203934962357
Chart_10,SAFE.H.U2.ALL.A.0.0.0.FOB.FBLN.S6.AL.WP,22Q4-Q1,1.29859232813326
Chart_10,SAFE.H.U2.ALL.A.0.0.0.Q7A.FBLN.R2.AL.WP,22Q4-Q1,4.191786
Chart_10,SAFE.H.U2.LAR.A.0.0.0.FOB.FBLN.S3.AL.WP,22Q4-Q1,0.773954058758296
Chart_10,SAFE.H.U2.LAR.A.0.0.0.FOB.FBLN.S4.AL.WP,22Q4-Q1,0.201341152046163
Chart_10,SAFE.H.U2.LAR.A.0.0.0.FOB.FBLN.S6.AL.WP,22Q4-Q1,1.73960411530089
Chart_10,SAFE.H.U2.LAR.A.0.0.0.Q7A.FBLN.R2.AL.WP,22Q4-Q1,2.174142
Chart_10,SAFE.H.U2.SME.A.0.0.0.FOB.FBLN.S3.AL.WP,22Q4-Q1,0.454391849771928
Chart_10,SAFE.H.U2.SME.A.0.0.0.FOB.FBLN.S4.AL.WP,22Q4-Q1,1.70466851565237
Chart_10,SAFE.H.U2.SME.A.0.0.0.FOB.FBLN.S6.AL.WP,22Q4-Q1,1.01160707812624
Chart_10,SAFE.H.U2.SME.A.0.0.0.Q7A.FBLN.R2.AL.WP,22Q4-Q1,5.50475
Chart_10,SAFE.H.U2.ALL.A.0.0.0.FOB.FBLN.S3.AL.WP,23Q2-Q3,0.696837748861801
Chart_10,SAFE.H.U2.ALL.A.0.0.0.FOB.FBLN.S4.AL.WP,23Q2-Q3,1.19698269071383
Chart_10,SAFE.H.U2.ALL.A.0.0.0.FOB.FBLN.S6.AL.WP,23Q2-Q3,0.914267246371845
Chart_10,SAFE.H.U2.ALL.A.0.0.0.Q7A.FBLN.R2.AL.WP,23Q2-Q3,3.611744
Chart_10,SAFE.H.U2.LAR.A.0.0.0.FOB.FBLN.S3.AL.WP,23Q2-Q3,0.852655711666265
Chart_10,SAFE.H.U2.LAR.A.0.0.0.FOB.FBLN.S4.AL.WP,23Q2-Q3,0.989011930340841
Chart_10,SAFE.H.U2.LAR.A.0.0.0.FOB.FBLN.S6.AL.WP,23Q2-Q3,0.625763490647949
Chart_10,SAFE.H.U2.LAR.A.0.0.0.Q7A.FBLN.R2.AL.WP,23Q2-Q3,1.946924
Chart_10,SAFE.H.U2.SME.A.0.0.0.FOB.FBLN.S3.AL.WP,23Q2-Q3,0.597320065292196
Chart_10,SAFE.H.U2.SME.A.0.0.0.FOB.FBLN.S4.AL.WP,23Q2-Q3,1.32980963878555
Chart_10,SAFE.H.U2.SME.A.0.0.0.FOB.FBLN.S6.AL.WP,23Q2-Q3,1.09852872604883
Chart_10,SAFE.H.U2.SME.A.0.0.0.Q7A.FBLN.R2.AL.WP,23Q2-Q3,4.675029
Chart_10,SAFE.H.U2.ALL.A.0.0.0.FOB.FBLN.S3.AL.WP,23Q4-Q1,0.379870081205521
Chart_10,SAFE.H.U2.ALL.A.0.0.0.FOB.FBLN.S4.AL.WP,23Q4-Q1,1.38979695896096
Chart_10,SAFE.H.U2.ALL.A.0.0.0.FOB.FBLN.S6.AL.WP,23Q4-Q1,1.05816403591334
Chart_10,SAFE.H.U2.ALL.A.0.0.0.Q7A.FBLN.R2.AL.WP,23Q4-Q1,4.171636
Chart_10,SAFE.H.U2.LAR.A.0.0.0.FOB.FBLN.S3.AL.WP,23Q4-Q1,0.0
Chart_10,SAFE.H.U2.LAR.A.0.0.0.FOB.FBLN.S4.AL.WP,23Q4-Q1,1.2056549741934
Chart_10,SAFE.H.U2.LAR.A.0.0.0.FOB.FBLN.S6.AL.WP,23Q4-Q1,1.39246051469974
Chart_10,SAFE.H.U2.LAR.A.0.0.0.Q7A.FBLN.R2.AL.WP,23Q4-Q1,1.736569
Chart_10,SAFE.H.U2.SME.A.0.0.0.FOB.FBLN.S3.AL.WP,23Q4-Q1,0.644089723560263
Chart_10,SAFE.H.U2.SME.A.0.0.0.FOB.FBLN.S4.AL.WP,23Q4-Q1,1.51787725877844
Chart_10,SAFE.H.U2.SME.A.0.0.0.FOB.FBLN.S6.AL.WP,23Q4-Q1,0.825643559546549
Chart_10,SAFE.H.U2.SME.A.0.0.0.Q7A.FBLN.R2.AL.WP,23Q4-Q1,5.865351
Chart_10,SAFE.H.U2.ALL.A.0.0.0.FOB.FBLN.S3.AL.WP,24Q2-Q3,0.207479750694322
Chart_10,SAFE.H.U2.ALL.A.0.0.0.FOB.FBLN.S4.AL.WP,24Q2-Q3,0.998162094158116
Chart_10,SAFE.H.U2.ALL.A.0.0.0.FOB.FBLN.S6.AL.WP,24Q2-Q3,1.17522475320763
Chart_10,SAFE.H.U2.ALL.A.0.0.0.Q7A.FBLN.R2.AL.WP,24Q2-Q3,4.9428
Chart_10,SAFE.H.U2.LAR.A.0.0.0.FOB.FBLN.S3.AL.WP,24Q2-Q3,0.0
Chart_10,SAFE.H.U2.LAR.A.0.0.0.FOB.FBLN.S4.AL.WP,24Q2-Q3,0.0
Chart_10,SAFE.H.U2.LAR.A.0.0.0.FOB.FBLN.S6.AL.WP,24Q2-Q3,1.63766262631051
Chart_10,SAFE.H.U2.LAR.A.0.0.0.Q7A.FBLN.R2.AL.WP,24Q2-Q3,4.0399
Chart_10,SAFE.H.U2.SME.A.0.0.0.FOB.FBLN.S3.AL.WP,24Q2-Q3,0.339607786239711
Chart_10,SAFE.H.U2.SME.A.0.0.0.FOB.FBLN.S4.AL.WP,24Q2-Q3,1.63369924964304
Chart_10,SAFE.H.U2.SME.A.0.0.0.FOB.FBLN.S6.AL.WP,24Q2-Q3,0.880873258521819
Chart_10,SAFE.H.U2.SME.A.0.0.0.Q7A.FBLN.R2.AL.WP,24Q2-Q3,5.5184
Chart_10,SAFE.H.U2.ALL.A.0.0.0.FOB.FBLN.S3.AL.WP,24Q4-Q1,0.445186480365619
Chart_10,SAFE.H.U2.ALL.A.0.0.0.FOB.FBLN.S4.AL.WP,24Q4-Q1,1.09650969989931
Chart_10,SAFE.H.U2.ALL.A.0.0.0.FOB.FBLN.S6.AL.WP,24Q4-Q1,1.08364460269348
Chart_10,SAFE.H.U2.ALL.A.0.0.0.Q7A.FBLN.R2.AL.WP,24Q4-Q1,3.5374
Chart_10,SAFE.H.U2.LAR.A.0.0.0.FOB.FBLN.S3.AL.WP,24Q4-Q1,0.585201707779445
Chart_10,SAFE.H.U2.LAR.A.0.0.0.FOB.FBLN.S4.AL.WP,24Q4-Q1,0.593560245773568
Chart_10,SAFE.H.U2.LAR.A.0.0.0.FOB.FBLN.S6.AL.WP,24Q4-Q1,1.59960220260154
Chart_10,SAFE.H.U2.LAR.A.0.0.0.Q7A.FBLN.R2.AL.WP,24Q4-Q1,1.3796
Chart_10,SAFE.H.U2.SME.A.0.0.0.FOB.FBLN.S3.AL.WP,24Q4-Q1,0.356341960572148
Chart_10,SAFE.H.U2.SME.A.0.0.0.FOB.FBLN.S4.AL.WP,24Q4-Q1,1.41585156137666
Chart_10,SAFE.H.U2.SME.A.0.0.0.FOB.FBLN.S6.AL.WP,24Q4-Q1,0.7560257588732
Chart_10,SAFE.H.U2.SME.A.0.0.0.Q7A.FBLN.R2.AL.WP,24Q4-Q1,4.9073
Chart_10,SAFE.H.U2.ALL.A.0.0.0.FOB.FBLN.S3.AL.WP,25Q2-Q3,0.136104323217121
Chart_10,SAFE.H.U2.ALL.A.0.0.0.FOB.FBLN.S4.AL.WP,25Q2-Q3,0.66364851843648
Chart_10,SAFE.H.U2.ALL.A.0.0.0.FOB.FBLN.S6.AL.WP,25Q2-Q3,0.866925363100359
Chart_10,SAFE.H.U2.ALL.A.0.0.0.Q7A.FBLN.R2.AL.WP,25Q2-Q3,3.3897
Chart_10,SAFE.H.U2.LAR.A.0.0.0.FOB.FBLN.S3.AL.WP,25Q2-Q3,0.0
Chart_10,SAFE.H.U2.LAR.A.0.0.0.FOB.FBLN.S4.AL.WP,25Q2-Q3,0.0
Chart_10,SAFE.H.U2.LAR.A.0.0.0.FOB.FBLN.S6.AL.WP,25Q2-Q3,0.7931136286028
Chart_10,SAFE.H.U2.LAR.A.0.0.0.Q7A.FBLN.R2.AL.WP,25Q2-Q3,2.2205
Chart_10,SAFE.H.U2.SME.A.0.0.0.FOB.FBLN.S3.AL.WP,25Q2-Q3,0.225037877451225
Chart_10,SAFE.H.U2.SME.A.0.0.0.FOB.FBLN.S4.AL.WP,25Q2-Q3,1.09730024216317
Chart_10,SAFE.H.U2.SME.A.0.0.0.FOB.FBLN.S6.AL.WP,25Q2-Q3,0.915145052957013
Chart_10,SAFE.H.U2.SME.A.0.0.0.Q7A.FBLN.R2.AL.WP,25Q2-Q3,4.1551
Chart_10,SAFE.H.U2.ALL.A.0.0.0.FOB.FBLN.S3.AL.WP,25Q4-Q1,0.311507532131128
Chart_10,SAFE.H.U2.ALL.A.0.0.0.FOB.FBLN.S4.AL.WP,25Q4-Q1,0.776526755057484
Chart_10,SAFE.H.U2.ALL.A.0.0.0.FOB.FBLN.S6.AL.WP,25Q4-Q1,1.76137433237589
Chart_10,SAFE.H.U2.ALL.A.0.0.0.Q7A.FBLN.R2.AL.WP,25Q4-Q1,3.1389
Chart_10,SAFE.H.U2.LAR.A.0.0.0.FOB.FBLN.S3.AL.WP,25Q4-Q1,0.0
Chart_10,SAFE.H.U2.LAR.A.0.0.0.FOB.FBLN.S4.AL.WP,25Q4-Q1,0.0
Chart_10,SAFE.H.U2.LAR.A.0.0.0.FOB.FBLN.S6.AL.WP,25Q4-Q1,3.14511073442488
Chart_10,SAFE.H.U2.LAR.A.0.0.0.Q7A.FBLN.R2.AL.WP,25Q4-Q1,1.4652
Chart_10,SAFE.H.U2.SME.A.0.0.0.FOB.FBLN.S3.AL.WP,25Q4-Q1,0.499659267286191
Chart_10,SAFE.H.U2.SME.A.0.0.0.FOB.FBLN.S4.AL.WP,25Q4-Q1,1.24539332185966
Chart_10,SAFE.H.U2.SME.A.0.0.0.FOB.FBLN.S6.AL.WP,25Q4-Q1,0.925907856994409
Chart_10,SAFE.H.U2.SME.A.0.0.0.Q7A.FBLN.R2.AL.WP,25Q4-Q1,4.1503
Chart_10,SAFE.H.U2.ALL.A.0.0.0.FOB.FBLN.S3.AL.WP,24Q2,0.67040387209843
Chart_10,SAFE.H.U2.ALL.A.0.0.0.FOB.FBLN.S4.AL.WP,24Q2,0.701990558376855
Chart_10,SAFE.H.U2.ALL.A.0.0.0.FOB.FBLN.S6.AL.WP,24Q2,0.614766117244939
Chart_10,SAFE.H.U2.ALL.A.0.0.0.Q7A.FBLN.R2.AL.WP,24Q2,2.37676105925267
Chart_10,SAFE.H.U2.LAR.A.0.0.0.FOB.FBLN.S3.AL.WP,24Q2,1.13971711301421
Chart_10,SAFE.H.U2.LAR.A.0.0.0.FOB.FBLN.S4.AL.WP,24Q2,0.437919618415517
Chart_10,SAFE.H.U2.LAR.A.0.0.0.FOB.FBLN.S6.AL.WP,24Q2,0.571980231390803
Chart_10,SAFE.H.U2.LAR.A.0.0.0.Q7A.FBLN.R2.AL.WP,24Q2,0.315242568073092
Chart_10,SAFE.H.U2.SME.A.0.0.0.FOB.FBLN.S3.AL.WP,24Q2,0.3369201388086
Chart_10,SAFE.H.U2.SME.A.0.0.0.FOB.FBLN.S4.AL.WP,24Q2,0.889633597682155
Chart_10,SAFE.H.U2.SME.A.0.0.0.FOB.FBLN.S6.AL.WP,24Q2,0.64516883275091
Chart_10,SAFE.H.U2.SME.A.0.0.0.Q7A.FBLN.R2.AL.WP,24Q2,3.84163104958802
Chart_10,SAFE.H.U2.ALL.A.0.0.0.FOB.FBLN.S3.AL.WP,24Q3,0.239268675370656
Chart_10,SAFE.H.U2.ALL.A.0.0.0.FOB.FBLN.S4.AL.WP,24Q3,1.3721162990489
Chart_10,SAFE.H.U2.ALL.A.0.0.0.FOB.FBLN.S6.AL.WP,24Q3,0.848324109177368
Chart_10,SAFE.H.U2.ALL.A.0.0.0.Q7A.FBLN.R2.AL.WP,24Q3,3.2546
Chart_10,SAFE.H.U2.LAR.A.0.0.0.FOB.FBLN.S3.AL.WP,24Q3,0.0
Chart_10,SAFE.H.U2.LAR.A.0.0.0.FOB.FBLN.S4.AL.WP,24Q3,2.2695076742339
Chart_10,SAFE.H.U2.LAR.A.0.0.0.FOB.FBLN.S6.AL.WP,24Q3,1.28009134116019
Chart_10,SAFE.H.U2.LAR.A.0.0.0.Q7A.FBLN.R2.AL.WP,24Q3,1.7212
Chart_10,SAFE.H.U2.SME.A.0.0.0.FOB.FBLN.S3.AL.WP,24Q3,0.390486422087784
Chart_10,SAFE.H.U2.SME.A.0.0.0.FOB.FBLN.S4.AL.WP,24Q3,0.804785011713891
Chart_10,SAFE.H.U2.SME.A.0.0.0.FOB.FBLN.S6.AL.WP,24Q3,0.575314198694769
Chart_10,SAFE.H.U2.SME.A.0.0.0.Q7A.FBLN.R2.AL.WP,24Q3,4.2244
Chart_10,SAFE.H.U2.ALL.A.0.0.0.FOB.FBLN.S3.AL.WP,24Q4,0.699013729201084
Chart_10,SAFE.H.U2.ALL.A.0.0.0.FOB.FBLN.S4.AL.WP,24Q4,0.751093973257707
Chart_10,SAFE.H.U2.ALL.A.0.0.0.FOB.FBLN.S6.AL.WP,24Q4,0.652387892433916
Chart_10,SAFE.H.U2.ALL.A.0.0.0.Q7A.FBLN.R2.AL.WP,24Q4,4.0734
Chart_10,SAFE.H.U2.LAR.A.0.0.0.FOB.FBLN.S3.AL.WP,24Q4,1.12535146825671
Chart_10,SAFE.H.U2.LAR.A.0.0.0.FOB.FBLN.S4.AL.WP,24Q4,0.967661414231774
Chart_10,SAFE.H.U2.LAR.A.0.0.0.FOB.FBLN.S6.AL.WP,24Q4,0.660088203229996
Chart_10,SAFE.H.U2.LAR.A.0.0.0.Q7A.FBLN.R2.AL.WP,24Q4,3.5806
Chart_10,SAFE.H.U2.SME.A.0.0.0.FOB.FBLN.S3.AL.WP,24Q4,0.444152236717533
Chart_10,SAFE.H.U2.SME.A.0.0.0.FOB.FBLN.S4.AL.WP,24Q4,0.621645546862932
Chart_10,SAFE.H.U2.SME.A.0.0.0.FOB.FBLN.S6.AL.WP,24Q4,0.647873857661488
Chart_10,SAFE.H.U2.SME.A.0.0.0.Q7A.FBLN.R2.AL.WP,24Q4,4.3681
Chart_10,SAFE.H.U2.ALL.A.0.0.0.FOB.FBLN.S3.AL.WP,25Q1,0.492119451778605
Chart_10,SAFE.H.U2.ALL.A.0.0.0.FOB.FBLN.S4.AL.WP,25Q1,0.682549772549613
Chart_10,SAFE.H.U2.ALL.A.0.0.0.FOB.FBLN.S6.AL.WP,25Q1,0.566533059035715
Chart_10,SAFE.H.U2.ALL.A.0.0.0.Q7A.FBLN.R2.AL.WP,25Q1,3.4701
Chart_10,SAFE.H.U2.LAR.A.0.0.0.FOB.FBLN.S3.AL.WP,25Q1,0.967255448200905
Chart_10,SAFE.H.U2.LAR.A.0.0.0.FOB.FBLN.S4.AL.WP,25Q1,0.437951908953874
Chart_10,SAFE.H.U2.LAR.A.0.0.0.FOB.FBLN.S6.AL.WP,25Q1,0.529352705894121
Chart_10,SAFE.H.U2.LAR.A.0.0.0.Q7A.FBLN.R2.AL.WP,25Q1,2.5172
Chart_10,SAFE.H.U2.SME.A.0.0.0.FOB.FBLN.S3.AL.WP,25Q1,0.192470063725826
Chart_10,SAFE.H.U2.SME.A.0.0.0.FOB.FBLN.S4.AL.WP,25Q1,0.836816910649154
Chart_10,SAFE.H.U2.SME.A.0.0.0.FOB.FBLN.S6.AL.WP,25Q1,0.589989933904657
Chart_10,SAFE.H.U2.SME.A.0.0.0.Q7A.FBLN.R2.AL.WP,25Q1,4.0705
Chart_10,SAFE.H.U2.ALL.A.0.0.0.FOB.FBLN.S3.AL.WP,25Q2,0.204891516648754
Chart_10,SAFE.H.U2.ALL.A.0.0.0.FOB.FBLN.S4.AL.WP,25Q2,0.619356362943978
Chart_10,SAFE.H.U2.ALL.A.0.0.0.FOB.FBLN.S6.AL.WP,25Q2,0.762162968101306
Chart_10,SAFE.H.U2.ALL.A.0.0.0.Q7A.FBLN.R2.AL.WP,25Q2,3.1105
Chart_10,SAFE.H.U2.LAR.A.0.0.0.FOB.FBLN.S3.AL.WP,25Q2,0.0
Chart_10,SAFE.H.U2.LAR.A.0.0.0.FOB.FBLN.S4.AL.WP,25Q2,0.121452429722446
Chart_10,SAFE.H.U2.LAR.A.0.0.0.FOB.FBLN.S6.AL.WP,25Q2,0.717867883353179
Chart_10,SAFE.H.U2.LAR.A.0.0.0.Q7A.FBLN.R2.AL.WP,25Q2,1.7169
Chart_10,SAFE.H.U2.SME.A.0.0.0.FOB.FBLN.S3.AL.WP,25Q2,0.328453159621161
Chart_10,SAFE.H.U2.SME.A.0.0.0.FOB.FBLN.S4.AL.WP,25Q2,0.919579690272686
Chart_10,SAFE.H.U2.SME.A.0.0.0.FOB.FBLN.S6.AL.WP,25Q2,0.788715535090292
Chart_10,SAFE.H.U2.SME.A.0.0.0.Q7A.FBLN.R2.AL.WP,25Q2,3.9515
Chart_10,SAFE.H.U2.ALL.A.0.0.0.FOB.FBLN.S3.AL.WP,25Q3,0.673771427160914
Chart_10,SAFE.H.U2.ALL.A.0.0.0.FOB.FBLN.S4.AL.WP,25Q3,0.500487057323985
Chart_10,SAFE.H.U2.ALL.A.0.0.0.FOB.FBLN.S6.AL.WP,25Q3,0.417049327083912
Chart_10,SAFE.H.U2.ALL.A.0.0.0.Q7A.FBLN.R2.AL.WP,25Q3,3.0917
Chart_10,SAFE.H.U2.LAR.A.0.0.0.FOB.FBLN.S3.AL.WP,25Q3,1.48464043730071
Chart_10,SAFE.H.U2.LAR.A.0.0.0.FOB.FBLN.S4.AL.WP,25Q3,0.0
Chart_10,SAFE.H.U2.LAR.A.0.0.0.FOB.FBLN.S6.AL.WP,25Q3,0.353699948789639
Chart_10,SAFE.H.U2.LAR.A.0.0.0.Q7A.FBLN.R2.AL.WP,25Q3,2.3622
Chart_10,SAFE.H.U2.SME.A.0.0.0.FOB.FBLN.S3.AL.WP,25Q3,0.127224244818014
Chart_10,SAFE.H.U2.SME.A.0.0.0.FOB.FBLN.S4.AL.WP,25Q3,0.837863148518044
Chart_10,SAFE.H.U2.SME.A.0.0.0.FOB.FBLN.S6.AL.WP,25Q3,0.459745785340426
Chart_10,SAFE.H.U2.SME.A.0.0.0.Q7A.FBLN.R2.AL.WP,25Q3,3.5832
Chart_10,SAFE.H.U2.ALL.A.0.0.0.FOB.FBLN.S3.AL.WP,25Q4,1.00977357597003
Chart_10,SAFE.H.U2.ALL.A.0.0.0.FOB.FBLN.S4.AL.WP,25Q4,1.22967440234628
Chart_10,SAFE.H.U2.ALL.A.0.0.0.FOB.FBLN.S6.AL.WP,25Q4,0.842482763502468
Chart_10,SAFE.H.U2.ALL.A.0.0.0.Q7A.FBLN.R2.AL.WP,25Q4,3.7219
Chart_10,SAFE.H.U2.LAR.A.0.0.0.FOB.FBLN.S3.AL.WP,25Q4,1.85614720050765
Chart_10,SAFE.H.U2.LAR.A.0.0.0.FOB.FBLN.S4.AL.WP,25Q4,1.49311287105026
Chart_10,SAFE.H.U2.LAR.A.0.0.0.FOB.FBLN.S6.AL.WP,25Q4,0.934303093953803
Chart_10,SAFE.H.U2.LAR.A.0.0.0.Q7A.FBLN.R2.AL.WP,25Q4,2.2869
Chart_10,SAFE.H.U2.SME.A.0.0.0.FOB.FBLN.S3.AL.WP,25Q4,0.444822746412213
Chart_10,SAFE.H.U2.SME.A.0.0.0.FOB.FBLN.S4.AL.WP,25Q4,1.05382539765695
Chart_10,SAFE.H.U2.SME.A.0.0.0.FOB.FBLN.S6.AL.WP,25Q4,0.781147028056378
Chart_10,SAFE.H.U2.SME.A.0.0.0.Q7A.FBLN.R2.AL.WP,25Q4,4.6804
Chart_10,SAFE.H.U2.ALL.A.0.0.0.FOB.FBLN.S3.AL.WP,26Q1,0.5971368518819
Chart_10,SAFE.H.U2.ALL.A.0.0.0.FOB.FBLN.S4.AL.WP,26Q1,1.15476732749498
Chart_10,SAFE.H.U2.ALL.A.0.0.0.FOB.FBLN.S6.AL.WP,26Q1,1.13304201858082
Chart_10,SAFE.H.U2.ALL.A.0.0.0.Q7A.FBLN.R2.AL.WP,26Q1,3.1866
Chart_10,SAFE.H.U2.LAR.A.0.0.0.FOB.FBLN.S3.AL.WP,26Q1,1.26807675741157
Chart_10,SAFE.H.U2.LAR.A.0.0.0.FOB.FBLN.S4.AL.WP,26Q1,0.626033871421229
Chart_10,SAFE.H.U2.LAR.A.0.0.0.FOB.FBLN.S6.AL.WP,26Q1,1.58399702288302
Chart_10,SAFE.H.U2.LAR.A.0.0.0.Q7A.FBLN.R2.AL.WP,26Q1,1.2451
Chart_10,SAFE.H.U2.SME.A.0.0.0.FOB.FBLN.S3.AL.WP,26Q1,0.135274966206318
Chart_10,SAFE.H.U2.SME.A.0.0.0.FOB.FBLN.S4.AL.WP,26Q1,1.518609136056
Chart_10,SAFE.H.U2.SME.A.0.0.0.FOB.FBLN.S6.AL.WP,26Q1,0.822595102402727
Chart_10,SAFE.H.U2.SME.A.0.0.0.Q7A.FBLN.R2.AL.WP,26Q1,4.5231
Chart_10,SAFE.Q.U2.ALL.A.0.0.0.FOB_G1.FBLN.S3.AL.WP,24Q2,0.67040387209843
Chart_10,SAFE.Q.U2.ALL.A.0.0.0.FOB_G1.FBLN.S4.AL.WP,24Q2,0.701990558376855
Chart_10,SAFE.Q.U2.ALL.A.0.0.0.FOB_G1.FBLN.S6.AL.WP,24Q2,0.614766117244939
Chart_10,SAFE.Q.U2.ALL.A.0.0.0.Q7A_G1.FBLN.R2.AL.WP,24Q2,2.37676105925267
Chart_10,SAFE.Q.U2.LAR.A.0.0.0.FOB_G1.FBLN.S3.AL.WP,24Q2,1.13971711301421
Chart_10,SAFE.Q.U2.LAR.A.0.0.0.FOB_G1.FBLN.S4.AL.WP,24Q2,0.437919618415517
Chart_10,SAFE.Q.U2.LAR.A.0.0.0.FOB_G1.FBLN.S6.AL.WP,24Q2,0.571980231390803
Chart_10,SAFE.Q.U2.LAR.A.0.0.0.Q7A_G1.FBLN.R2.AL.WP,24Q2,0.315242568073092
Chart_10,SAFE.Q.U2.SME.A.0.0.0.FOB_G1.FBLN.S3.AL.WP,24Q2,0.3369201388086
Chart_10,SAFE.Q.U2.SME.A.0.0.0.FOB_G1.FBLN.S4.AL.WP,24Q2,0.889633597682155
Chart_10,SAFE.Q.U2.SME.A.0.0.0.FOB_G1.FBLN.S6.AL.WP,24Q2,0.64516883275091
Chart_10,SAFE.Q.U2.SME.A.0.0.0.Q7A_G1.FBLN.R2.AL.WP,24Q2,3.84163104958802
Chart_10,SAFE.Q.U2.ALL.A.0.0.0.FOB_G1.FBLN.S3.AL.WP,24Q3,0.239268675370656
Chart_10,SAFE.Q.U2.ALL.A.0.0.0.FOB_G1.FBLN.S4.AL.WP,24Q3,1.3721162990489
Chart_10,SAFE.Q.U2.ALL.A.0.0.0.FOB_G1.FBLN.S6.AL.WP,24Q3,0.848324109177368
Chart_10,SAFE.Q.U2.ALL.A.0.0.0.Q7A_G1.FBLN.R2.AL.WP,24Q3,3.2546
Chart_10,SAFE.Q.U2.LAR.A.0.0.0.FOB_G1.FBLN.S3.AL.WP,24Q3,0.0
Chart_10,SAFE.Q.U2.LAR.A.0.0.0.FOB_G1.FBLN.S4.AL.WP,24Q3,2.2695076742339
Chart_10,SAFE.Q.U2.LAR.A.0.0.0.FOB_G1.FBLN.S6.AL.WP,24Q3,1.28009134116019
Chart_10,SAFE.Q.U2.LAR.A.0.0.0.Q7A_G1.FBLN.R2.AL.WP,24Q3,1.7212
Chart_10,SAFE.Q.U2.SME.A.0.0.0.FOB_G1.FBLN.S3.AL.WP,24Q3,0.390486422087784
Chart_10,SAFE.Q.U2.SME.A.0.0.0.FOB_G1.FBLN.S4.AL.WP,24Q3,0.804785011713891
Chart_10,SAFE.Q.U2.SME.A.0.0.0.FOB_G1.FBLN.S6.AL.WP,24Q3,0.575314198694769
Chart_10,SAFE.Q.U2.SME.A.0.0.0.Q7A_G1.FBLN.R2.AL.WP,24Q3,4.2244
Chart_10,SAFE.Q.U2.ALL.A.0.0.0.FOB_G1.FBLN.S3.AL.WP,24Q4,0.699013729201084
Chart_10,SAFE.Q.U2.ALL.A.0.0.0.FOB_G1.FBLN.S4.AL.WP,24Q4,0.751093973257707
Chart_10,SAFE.Q.U2.ALL.A.0.0.0.FOB_G1.FBLN.S6.AL.WP,24Q4,0.652387892433916
Chart_10,SAFE.Q.U2.ALL.A.0.0.0.Q7A_G1.FBLN.R2.AL.WP,24Q4,4.0734
Chart_10,SAFE.Q.U2.LAR.A.0.0.0.FOB_G1.FBLN.S3.AL.WP,24Q4,1.12535146825671
Chart_10,SAFE.Q.U2.LAR.A.0.0.0.FOB_G1.FBLN.S4.AL.WP,24Q4,0.967661414231774
Chart_10,SAFE.Q.U2.LAR.A.0.0.0.FOB_G1.FBLN.S6.AL.WP,24Q4,0.660088203229996
Chart_10,SAFE.Q.U2.LAR.A.0.0.0.Q7A_G1.FBLN.R2.AL.WP,24Q4,3.5806
Chart_10,SAFE.Q.U2.SME.A.0.0.0.FOB_G1.FBLN.S3.AL.WP,24Q4,0.444152236717533
Chart_10,SAFE.Q.U2.SME.A.0.0.0.FOB_G1.FBLN.S4.AL.WP,24Q4,0.621645546862932
Chart_10,SAFE.Q.U2.SME.A.0.0.0.FOB_G1.FBLN.S6.AL.WP,24Q4,0.647873857661488
Chart_10,SAFE.Q.U2.SME.A.0.0.0.Q7A_G1.FBLN.R2.AL.WP,24Q4,4.3681
Chart_10,SAFE.Q.U2.ALL.A.0.0.0.FOB_G1.FBLN.S3.AL.WP,25Q1,0.492119451778605
Chart_10,SAFE.Q.U2.ALL.A.0.0.0.FOB_G1.FBLN.S4.AL.WP,25Q1,0.682549772549613
Chart_10,SAFE.Q.U2.ALL.A.0.0.0.FOB_G1.FBLN.S6.AL.WP,25Q1,0.566533059035715
Chart_10,SAFE.Q.U2.ALL.A.0.0.0.Q7A_G1.FBLN.R2.AL.WP,25Q1,3.4701
Chart_10,SAFE.Q.U2.LAR.A.0.0.0.FOB_G1.FBLN.S3.AL.WP,25Q1,0.967255448200905
Chart_10,SAFE.Q.U2.LAR.A.0.0.0.FOB_G1.FBLN.S4.AL.WP,25Q1,0.437951908953874
Chart_10,SAFE.Q.U2.LAR.A.0.0.0.FOB_G1.FBLN.S6.AL.WP,25Q1,0.529352705894121
Chart_10,SAFE.Q.U2.LAR.A.0.0.0.Q7A_G1.FBLN.R2.AL.WP,25Q1,2.5172
Chart_10,SAFE.Q.U2.SME.A.0.0.0.FOB_G1.FBLN.S3.AL.WP,25Q1,0.192470063725826
Chart_10,SAFE.Q.U2.SME.A.0.0.0.FOB_G1.FBLN.S4.AL.WP,25Q1,0.836816910649154
Chart_10,SAFE.Q.U2.SME.A.0.0.0.FOB_G1.FBLN.S6.AL.WP,25Q1,0.589989933904657
Chart_10,SAFE.Q.U2.SME.A.0.0.0.Q7A_G1.FBLN.R2.AL.WP,25Q1,4.0705
Chart_10,SAFE.Q.U2.ALL.A.0.0.0.FOB_G1.FBLN.S3.AL.WP,25Q2,0.204891516648754
Chart_10,SAFE.Q.U2.ALL.A.0.0.0.FOB_G1.FBLN.S4.AL.WP,25Q2,0.619356362943978
Chart_10,SAFE.Q.U2.ALL.A.0.0.0.FOB_G1.FBLN.S6.AL.WP,25Q2,0.762162968101306
Chart_10,SAFE.Q.U2.ALL.A.0.0.0.Q7A_G1.FBLN.R2.AL.WP,25Q2,3.1105
Chart_10,SAFE.Q.U2.LAR.A.0.0.0.FOB_G1.FBLN.S3.AL.WP,25Q2,0.0
Chart_10,SAFE.Q.U2.LAR.A.0.0.0.FOB_G1.FBLN.S4.AL.WP,25Q2,0.121452429722446
Chart_10,SAFE.Q.U2.LAR.A.0.0.0.FOB_G1.FBLN.S6.AL.WP,25Q2,0.717867883353179
Chart_10,SAFE.Q.U2.LAR.A.0.0.0.Q7A_G1.FBLN.R2.AL.WP,25Q2,1.7169
Chart_10,SAFE.Q.U2.SME.A.0.0.0.FOB_G1.FBLN.S3.AL.WP,25Q2,0.328453159621161
Chart_10,SAFE.Q.U2.SME.A.0.0.0.FOB_G1.FBLN.S4.AL.WP,25Q2,0.919579690272686
Chart_10,SAFE.Q.U2.SME.A.0.0.0.FOB_G1.FBLN.S6.AL.WP,25Q2,0.788715535090292
Chart_10,SAFE.Q.U2.SME.A.0.0.0.Q7A_G1.FBLN.R2.AL.WP,25Q2,3.9515
Chart_10,SAFE.Q.U2.ALL.A.0.0.0.FOB_G1.FBLN.S3.AL.WP,25Q3,0.673771427160914
Chart_10,SAFE.Q.U2.ALL.A.0.0.0.FOB_G1.FBLN.S4.AL.WP,25Q3,0.500487057323985
Chart_10,SAFE.Q.U2.ALL.A.0.0.0.FOB_G1.FBLN.S6.AL.WP,25Q3,0.417049327083912
Chart_10,SAFE.Q.U2.ALL.A.0.0.0.Q7A_G1.FBLN.R2.AL.WP,25Q3,3.0917
Chart_10,SAFE.Q.U2.LAR.A.0.0.0.FOB_G1.FBLN.S3.AL.WP,25Q3,1.48464043730071
Chart_10,SAFE.Q.U2.LAR.A.0.0.0.FOB_G1.FBLN.S4.AL.WP,25Q3,0.0
Chart_10,SAFE.Q.U2.LAR.A.0.0.0.FOB_G1.FBLN.S6.AL.WP,25Q3,0.353699948789639
Chart_10,SAFE.Q.U2.LAR.A.0.0.0.Q7A_G1.FBLN.R2.AL.WP,25Q3,2.3622
Chart_10,SAFE.Q.U2.SME.A.0.0.0.FOB_G1.FBLN.S3.AL.WP,25Q3,0.127224244818014
Chart_10,SAFE.Q.U2.SME.A.0.0.0.FOB_G1.FBLN.S4.AL.WP,25Q3,0.837863148518044
Chart_10,SAFE.Q.U2.SME.A.0.0.0.FOB_G1.FBLN.S6.AL.WP,25Q3,0.459745785340426
Chart_10,SAFE.Q.U2.SME.A.0.0.0.Q7A_G1.FBLN.R2.AL.WP,25Q3,3.5832
Chart_10,SAFE.Q.U2.ALL.A.0.0.0.FOB_G1.FBLN.S3.AL.WP,25Q4,1.00977357597003
Chart_10,SAFE.Q.U2.ALL.A.0.0.0.FOB_G1.FBLN.S4.AL.WP,25Q4,1.22967440234628
Chart_10,SAFE.Q.U2.ALL.A.0.0.0.FOB_G1.FBLN.S6.AL.WP,25Q4,0.842482763502468
Chart_10,SAFE.Q.U2.ALL.A.0.0.0.Q7A_G1.FBLN.R2.AL.WP,25Q4,3.7219
Chart_10,SAFE.Q.U2.LAR.A.0.0.0.FOB_G1.FBLN.S3.AL.WP,25Q4,1.85614720050765
Chart_10,SAFE.Q.U2.LAR.A.0.0.0.FOB_G1.FBLN.S4.AL.WP,25Q4,1.49311287105026
Chart_10,SAFE.Q.U2.LAR.A.0.0.0.FOB_G1.FBLN.S6.AL.WP,25Q4,0.934303093953803
Chart_10,SAFE.Q.U2.LAR.A.0.0.0.Q7A_G1.FBLN.R2.AL.WP,25Q4,2.2869
Chart_10,SAFE.Q.U2.SME.A.0.0.0.FOB_G1.FBLN.S3.AL.WP,25Q4,0.444822746412213
Chart_10,SAFE.Q.U2.SME.A.0.0.0.FOB_G1.FBLN.S4.AL.WP,25Q4,1.05382539765695
Chart_10,SAFE.Q.U2.SME.A.0.0.0.FOB_G1.FBLN.S6.AL.WP,25Q4,0.781147028056378
Chart_10,SAFE.Q.U2.SME.A.0.0.0.Q7A_G1.FBLN.R2.AL.WP,25Q4,4.6804
Chart_10,SAFE.Q.U2.ALL.A.0.0.0.FOB_G1.FBLN.S3.AL.WP,26Q1,0.5971368518819
Chart_10,SAFE.Q.U2.ALL.A.0.0.0.FOB_G1.FBLN.S4.AL.WP,26Q1,1.15476732749498
Chart_10,SAFE.Q.U2.ALL.A.0.0.0.FOB_G1.FBLN.S6.AL.WP,26Q1,1.13304201858082
Chart_10,SAFE.Q.U2.ALL.A.0.0.0.Q7A_G1.FBLN.R2.AL.WP,26Q1,3.1866
Chart_10,SAFE.Q.U2.LAR.A.0.0.0.FOB_G1.FBLN.S3.AL.WP,26Q1,1.26807675741157
Chart_10,SAFE.Q.U2.LAR.A.0.0.0.FOB_G1.FBLN.S4.AL.WP,26Q1,0.626033871421229
Chart_10,SAFE.Q.U2.LAR.A.0.0.0.FOB_G1.FBLN.S6.AL.WP,26Q1,1.58399702288302
Chart_10,SAFE.Q.U2.LAR.A.0.0.0.Q7A_G1.FBLN.R2.AL.WP,26Q1,1.2451
Chart_10,SAFE.Q.U2.SME.A.0.0.0.FOB_G1.FBLN.S3.AL.WP,26Q1,0.135274966206318
Chart_10,SAFE.Q.U2.SME.A.0.0.0.FOB_G1.FBLN.S4.AL.WP,26Q1,1.518609136056
Chart_10,SAFE.Q.U2.SME.A.0.0.0.FOB_G1.FBLN.S6.AL.WP,26Q1,0.822595102402727
Chart_10,SAFE.Q.U2.SME.A.0.0.0.Q7A_G1.FBLN.R2.AL.WP,26Q1,4.5231
Chart_11,SAFE.H.U2.ALL.A.0.0.0.Q26.26A.NN.AL.WP,22Q4-Q1,12.84515
Chart_11,SAFE.H.U2.ALL.A.0.0.0.Q2.2A.NN.AL.WP,22Q4-Q1,33.38971
Chart_11,SAFE.H.U2.ALL.A.0.0.0.Q2.2B.NN.AL.WP,22Q4-Q1,77.2926
Chart_11,SAFE.H.U2.ALL.A.0.0.0.Q2.2C.NN.AL.WP,22Q4-Q1,88.70845
Chart_11,SAFE.H.U2.ALL.A.0.0.0.Q2.2D.NN.AL.WP,22Q4-Q1,44.32225
Chart_11,SAFE.H.U2.ALL.A.0.0.0.Q2.2E.NN.AL.WP,22Q4-Q1,-10.144
Chart_11,SAFE.H.U2.LAR.A.0.0.0.Q26.26A.NN.AL.WP,22Q4-Q1,24.75086
Chart_11,SAFE.H.U2.LAR.A.0.0.0.Q2.2A.NN.AL.WP,22Q4-Q1,54.49952
Chart_11,SAFE.H.U2.LAR.A.0.0.0.Q2.2B.NN.AL.WP,22Q4-Q1,84.108
Chart_11,SAFE.H.U2.LAR.A.0.0.0.Q2.2C.NN.AL.WP,22Q4-Q1,88.57599
Chart_11,SAFE.H.U2.LAR.A.0.0.0.Q2.2D.NN.AL.WP,22Q4-Q1,53.34791
Chart_11,SAFE.H.U2.LAR.A.0.0.0.Q2.2E.NN.AL.WP,22Q4-Q1,0.07617
Chart_11,SAFE.H.U2.SME.A.0.0.0.Q26.26A.NN.AL.WP,22Q4-Q1,6.128175
Chart_11,SAFE.H.U2.SME.A.0.0.0.Q2.2A.NN.AL.WP,22Q4-Q1,21.27659
Chart_11,SAFE.H.U2.SME.A.0.0.0.Q2.2B.NN.AL.WP,22Q4-Q1,73.38182
Chart_11,SAFE.H.U2.SME.A.0.0.0.Q2.2C.NN.AL.WP,22Q4-Q1,88.78446
Chart_11,SAFE.H.U2.SME.A.0.0.0.Q2.2D.NN.AL.WP,22Q4-Q1,39.14319
Chart_11,SAFE.H.U2.SME.A.0.0.0.Q2.2E.NN.AL.WP,22Q4-Q1,-16.0086
Chart_11,SAFE.H.U2.ALL.A.0.0.0.Q26.26A.NN.AL.WP,23Q2-Q3,32.0682
Chart_11,SAFE.H.U2.ALL.A.0.0.0.Q2.2A.NN.AL.WP,23Q2-Q3,20.11157
Chart_11,SAFE.H.U2.ALL.A.0.0.0.Q2.2B.NN.AL.WP,23Q2-Q3,74.61778
Chart_11,SAFE.H.U2.ALL.A.0.0.0.Q2.2C.NN.AL.WP,23Q2-Q3,76.03033
Chart_11,SAFE.H.U2.ALL.A.0.0.0.Q2.2D.NN.AL.WP,23Q2-Q3,46.51854
Chart_11,SAFE.H.U2.ALL.A.0.0.0.Q2.2E.NN.AL.WP,23Q2-Q3,-14.1873
Chart_11,SAFE.H.U2.LAR.A.0.0.0.Q26.26A.NN.AL.WP,23Q2-Q3,38.57304
Chart_11,SAFE.H.U2.LAR.A.0.0.0.Q2.2A.NN.AL.WP,23Q2-Q3,32.27774
Chart_11,SAFE.H.U2.LAR.A.0.0.0.Q2.2B.NN.AL.WP,23Q2-Q3,82.28644
Chart_11,SAFE.H.U2.LAR.A.0.0.0.Q2.2C.NN.AL.WP,23Q2-Q3,73.14045
Chart_11,SAFE.H.U2.LAR.A.0.0.0.Q2.2D.NN.AL.WP,23Q2-Q3,57.52252
Chart_11,SAFE.H.U2.LAR.A.0.0.0.Q2.2E.NN.AL.WP,23Q2-Q3,-7.27184
Chart_11,SAFE.H.U2.SME.A.0.0.0.Q26.26A.NN.AL.WP,23Q2-Q3,28.33562
Chart_11,SAFE.H.U2.SME.A.0.0.0.Q2.2A.NN.AL.WP,23Q2-Q3,13.23998
Chart_11,SAFE.H.U2.SME.A.0.0.0.Q2.2B.NN.AL.WP,23Q2-Q3,70.28643
Chart_11,SAFE.H.U2.SME.A.0.0.0.Q2.2C.NN.AL.WP,23Q2-Q3,77.66257
Chart_11,SAFE.H.U2.SME.A.0.0.0.Q2.2D.NN.AL.WP,23Q2-Q3,40.30337
Chart_11,SAFE.H.U2.SME.A.0.0.0.Q2.2E.NN.AL.WP,23Q2-Q3,-18.0933
Chart_11,SAFE.H.U2.ALL.A.0.0.0.Q26.26A.NN.AL.WP,23Q4-Q1,17.9337
Chart_11,SAFE.H.U2.ALL.A.0.0.0.Q2.2A.NN.AL.WP,23Q4-Q1,7.701482
Chart_11,SAFE.H.U2.ALL.A.0.0.0.Q2.2B.NN.AL.WP,23Q4-Q1,67.68532
Chart_11,SAFE.H.U2.ALL.A.0.0.0.Q2.2C.NN.AL.WP,23Q4-Q1,60.95342
Chart_11,SAFE.H.U2.ALL.A.0.0.0.Q2.2D.NN.AL.WP,23Q4-Q1,35.90614
Chart_11,SAFE.H.U2.ALL.A.0.0.0.Q2.2E.NN.AL.WP,23Q4-Q1,-16.5971
Chart_11,SAFE.H.U2.LAR.A.0.0.0.Q26.26A.NN.AL.WP,23Q4-Q1,22.90489
Chart_11,SAFE.H.U2.LAR.A.0.0.0.Q2.2A.NN.AL.WP,23Q4-Q1,15.31616
Chart_11,SAFE.H.U2.LAR.A.0.0.0.Q2.2B.NN.AL.WP,23Q4-Q1,70.02091
Chart_11,SAFE.H.U2.LAR.A.0.0.0.Q2.2C.NN.AL.WP,23Q4-Q1,51.14446
Chart_11,SAFE.H.U2.LAR.A.0.0.0.Q2.2D.NN.AL.WP,23Q4-Q1,43.47633
Chart_11,SAFE.H.U2.LAR.A.0.0.0.Q2.2E.NN.AL.WP,23Q4-Q1,-9.8925
Chart_11,SAFE.H.U2.SME.A.0.0.0.Q26.26A.NN.AL.WP,23Q4-Q1,15.12592
Chart_11,SAFE.H.U2.SME.A.0.0.0.Q2.2A.NN.AL.WP,23Q4-Q1,3.205744
Chart_11,SAFE.H.U2.SME.A.0.0.0.Q2.2B.NN.AL.WP,23Q4-Q1,66.30638
Chart_11,SAFE.H.U2.SME.A.0.0.0.Q2.2C.NN.AL.WP,23Q4-Q1,66.74466
Chart_11,SAFE.H.U2.SME.A.0.0.0.Q2.2D.NN.AL.WP,23Q4-Q1,31.43667
Chart_11,SAFE.H.U2.SME.A.0.0.0.Q2.2E.NN.AL.WP,23Q4-Q1,-20.5555
Chart_11,SAFE.H.U2.ALL.A.0.0.0.Q26.26A.NN.AL.WP,24Q2-Q3,23.36636
Chart_11,SAFE.H.U2.ALL.A.0.0.0.Q2.2A.NN.AL.WP,24Q2-Q3,6.172398
Chart_11,SAFE.H.U2.ALL.A.0.0.0.Q2.2B.NN.AL.WP,24Q2-Q3,61.398934
Chart_11,SAFE.H.U2.ALL.A.0.0.0.Q2.2C.NN.AL.WP,24Q2-Q3,51.939099
Chart_11,SAFE.H.U2.ALL.A.0.0.0.Q2.2D.NN.AL.WP,24Q2-Q3,18.607158
Chart_11,SAFE.H.U2.ALL.A.0.0.0.Q2.2E.NN.AL.WP,24Q2-Q3,-15.855549
Chart_11,SAFE.H.U2.LAR.A.0.0.0.Q26.26A.NN.AL.WP,24Q2-Q3,27.79752
Chart_11,SAFE.H.U2.LAR.A.0.0.0.Q2.2A.NN.AL.WP,24Q2-Q3,10.07307
Chart_11,SAFE.H.U2.LAR.A.0.0.0.Q2.2B.NN.AL.WP,24Q2-Q3,66.410103
Chart_11,SAFE.H.U2.LAR.A.0.0.0.Q2.2C.NN.AL.WP,24Q2-Q3,45.809351
Chart_11,SAFE.H.U2.LAR.A.0.0.0.Q2.2D.NN.AL.WP,24Q2-Q3,20.568492
Chart_11,SAFE.H.U2.LAR.A.0.0.0.Q2.2E.NN.AL.WP,24Q2-Q3,-15.514469
Chart_11,SAFE.H.U2.SME.A.0.0.0.Q26.26A.NN.AL.WP,24Q2-Q3,20.75018
Chart_11,SAFE.H.U2.SME.A.0.0.0.Q2.2A.NN.AL.WP,24Q2-Q3,4.025301
Chart_11,SAFE.H.U2.SME.A.0.0.0.Q2.2B.NN.AL.WP,24Q2-Q3,58.640573
Chart_11,SAFE.H.U2.SME.A.0.0.0.Q2.2C.NN.AL.WP,24Q2-Q3,55.313173
Chart_11,SAFE.H.U2.SME.A.0.0.0.Q2.2D.NN.AL.WP,24Q2-Q3,17.527556
Chart_11,SAFE.H.U2.SME.A.0.0.0.Q2.2E.NN.AL.WP,24Q2-Q3,-16.043294
Chart_11,SAFE.H.U2.ALL.A.0.0.0.Q26.26A.NN.AL.WP,24Q4-Q1,18.839268
Chart_11,SAFE.H.U2.ALL.A.0.0.0.Q2.2A.NN.AL.WP,24Q4-Q1,3.337989
Chart_11,SAFE.H.U2.ALL.A.0.0.0.Q2.2B.NN.AL.WP,24Q4-Q1,62.593737
Chart_11,SAFE.H.U2.ALL.A.0.0.0.Q2.2C.NN.AL.WP,24Q4-Q1,62.368363
Chart_11,SAFE.H.U2.ALL.A.0.0.0.Q2.2D.NN.AL.WP,24Q4-Q1,7.670595
Chart_11,SAFE.H.U2.ALL.A.0.0.0.Q2.2E.NN.AL.WP,24Q4-Q1,-14.764766
Chart_11,SAFE.H.U2.LAR.A.0.0.0.Q26.26A.NN.AL.WP,24Q4-Q1,23.665252
Chart_11,SAFE.H.U2.LAR.A.0.0.0.Q2.2A.NN.AL.WP,24Q4-Q1,11.511622
Chart_11,SAFE.H.U2.LAR.A.0.0.0.Q2.2B.NN.AL.WP,24Q4-Q1,62.949369
Chart_11,SAFE.H.U2.LAR.A.0.0.0.Q2.2C.NN.AL.WP,24Q4-Q1,53.642523
Chart_11,SAFE.H.U2.LAR.A.0.0.0.Q2.2D.NN.AL.WP,24Q4-Q1,1.852495
Chart_11,SAFE.H.U2.LAR.A.0.0.0.Q2.2E.NN.AL.WP,24Q4-Q1,-6.759575
Chart_11,SAFE.H.U2.SME.A.0.0.0.Q26.26A.NN.AL.WP,24Q4-Q1,16.18284
Chart_11,SAFE.H.U2.SME.A.0.0.0.Q2.2A.NN.AL.WP,24Q4-Q1,-1.267682
Chart_11,SAFE.H.U2.SME.A.0.0.0.Q2.2B.NN.AL.WP,24Q4-Q1,62.393345
Chart_11,SAFE.H.U2.SME.A.0.0.0.Q2.2C.NN.AL.WP,24Q4-Q1,67.285191
Chart_11,SAFE.H.U2.SME.A.0.0.0.Q2.2D.NN.AL.WP,24Q4-Q1,10.948973
Chart_11,SAFE.H.U2.SME.A.0.0.0.Q2.2E.NN.AL.WP,24Q4-Q1,-19.275524
Chart_11,SAFE.H.U2.ALL.A.0.0.0.Q26.26A.NN.AL.WP,25Q2-Q3,27.647823
Chart_11,SAFE.H.U2.ALL.A.0.0.0.Q2.2A.NN.AL.WP,25Q2-Q3,10.208105
Chart_11,SAFE.H.U2.ALL.A.0.0.0.Q2.2B.NN.AL.WP,25Q2-Q3,55.787826
Chart_11,SAFE.H.U2.ALL.A.0.0.0.Q2.2C.NN.AL.WP,25Q2-Q3,52.487149
Chart_11,SAFE.H.U2.ALL.A.0.0.0.Q2.2D.NN.AL.WP,25Q2-Q3,5.122939
Chart_11,SAFE.H.U2.ALL.A.0.0.0.Q2.2E.NN.AL.WP,25Q2-Q3,-13.008055
Chart_11,SAFE.H.U2.LAR.A.0.0.0.Q26.26A.NN.AL.WP,25Q2-Q3,33.868626
Chart_11,SAFE.H.U2.LAR.A.0.0.0.Q2.2A.NN.AL.WP,25Q2-Q3,15.761791
Chart_11,SAFE.H.U2.LAR.A.0.0.0.Q2.2B.NN.AL.WP,25Q2-Q3,57.255932
Chart_11,SAFE.H.U2.LAR.A.0.0.0.Q2.2C.NN.AL.WP,25Q2-Q3,45.823257
Chart_11,SAFE.H.U2.LAR.A.0.0.0.Q2.2D.NN.AL.WP,25Q2-Q3,1.575709
Chart_11,SAFE.H.U2.LAR.A.0.0.0.Q2.2E.NN.AL.WP,25Q2-Q3,-13.745796
Chart_11,SAFE.H.U2.SME.A.0.0.0.Q26.26A.NN.AL.WP,25Q2-Q3,24.14253
Chart_11,SAFE.H.U2.SME.A.0.0.0.Q2.2A.NN.AL.WP,25Q2-Q3,7.153617
Chart_11,SAFE.H.U2.SME.A.0.0.0.Q2.2B.NN.AL.WP,25Q2-Q3,54.980379
Chart_11,SAFE.H.U2.SME.A.0.0.0.Q2.2C.NN.AL.WP,25Q2-Q3,56.152244
Chart_11,SAFE.H.U2.SME.A.0.0.0.Q2.2D.NN.AL.WP,25Q2-Q3,7.073891
Chart_11,SAFE.H.U2.SME.A.0.0.0.Q2.2E.NN.AL.WP,25Q2-Q3,-12.602303
Chart_11,SAFE.H.U2.ALL.A.0.0.0.Q26.26A.NN.AL.WP,25Q4-Q1,24.210079
Chart_11,SAFE.H.U2.ALL.A.0.0.0.Q2.2A.NN.AL.WP,25Q4-Q1,5.417927
Chart_11,SAFE.H.U2.ALL.A.0.0.0.Q2.2B.NN.AL.WP,25Q4-Q1,63.823388
Chart_11,SAFE.H.U2.ALL.A.0.0.0.Q2.2C.NN.AL.WP,25Q4-Q1,64.230116
Chart_11,SAFE.H.U2.ALL.A.0.0.0.Q2.2D.NN.AL.WP,25Q4-Q1,10.471233
Chart_11,SAFE.H.U2.ALL.A.0.0.0.Q2.2E.NN.AL.WP,25Q4-Q1,-12.463653
Chart_11,SAFE.H.U2.LAR.A.0.0.0.Q26.26A.NN.AL.WP,25Q4-Q1,33.044195
Chart_11,SAFE.H.U2.LAR.A.0.0.0.Q2.2A.NN.AL.WP,25Q4-Q1,21.261532
Chart_11,SAFE.H.U2.LAR.A.0.0.0.Q2.2B.NN.AL.WP,25Q4-Q1,68.407189
Chart_11,SAFE.H.U2.LAR.A.0.0.0.Q2.2C.NN.AL.WP,25Q4-Q1,55.361586
Chart_11,SAFE.H.U2.LAR.A.0.0.0.Q2.2D.NN.AL.WP,25Q4-Q1,8.64805
Chart_11,SAFE.H.U2.LAR.A.0.0.0.Q2.2E.NN.AL.WP,25Q4-Q1,0.990424
Chart_11,SAFE.H.U2.SME.A.0.0.0.Q26.26A.NN.AL.WP,25Q4-Q1,19.351376
Chart_11,SAFE.H.U2.SME.A.0.0.0.Q2.2A.NN.AL.WP,25Q4-Q1,-3.259723
Chart_11,SAFE.H.U2.SME.A.0.0.0.Q2.2B.NN.AL.WP,25Q4-Q1,61.31281
Chart_11,SAFE.H.U2.SME.A.0.0.0.Q2.2C.NN.AL.WP,25Q4-Q1,69.08747
Chart_11,SAFE.H.U2.SME.A.0.0.0.Q2.2D.NN.AL.WP,25Q4-Q1,11.469802
Chart_11,SAFE.H.U2.SME.A.0.0.0.Q2.2E.NN.AL.WP,25Q4-Q1,-19.832541
Chart_11,SAFE.H.U2.ALL.A.0.0.0.Q26.26A.NN.AL.WP,26Q2-Q3,25.971078
Chart_11,SAFE.H.U2.LAR.A.0.0.0.Q26.26A.NN.AL.WP,26Q2-Q3,32.067041
Chart_11,SAFE.H.U2.SME.A.0.0.0.Q26.26A.NN.AL.WP,26Q2-Q3,22.632279
Chart_11,SAFE.H.U2.ALL.A.0.0.0.Q2.2A.NN.AL.WP,24Q2,7.7151058106902
Chart_11,SAFE.H.U2.ALL.A.0.0.0.Q2.2B.NN.AL.WP,24Q2,52.9695977863619
Chart_11,SAFE.H.U2.ALL.A.0.0.0.Q2.2C.NN.AL.WP,24Q2,44.3626613075747
Chart_11,SAFE.H.U2.ALL.A.0.0.0.Q2.2D.NN.AL.WP,24Q2,19.2966971361023
Chart_11,SAFE.H.U2.ALL.A.0.0.0.Q2.2E.NN.AL.WP,24Q2,-10.3511498803458
Chart_11,SAFE.H.U2.LAR.A.0.0.0.Q2.2A.NN.AL.WP,24Q2,14.7975501621905
Chart_11,SAFE.H.U2.LAR.A.0.0.0.Q2.2B.NN.AL.WP,24Q2,58.0567582571289
Chart_11,SAFE.H.U2.LAR.A.0.0.0.Q2.2C.NN.AL.WP,24Q2,33.0562962217528
Chart_11,SAFE.H.U2.LAR.A.0.0.0.Q2.2D.NN.AL.WP,24Q2,20.5358740784208
Chart_11,SAFE.H.U2.LAR.A.0.0.0.Q2.2E.NN.AL.WP,24Q2,-2.44460513082848
Chart_11,SAFE.H.U2.SME.A.0.0.0.Q2.2A.NN.AL.WP,24Q2,3.62790376307801
Chart_11,SAFE.H.U2.SME.A.0.0.0.Q2.2B.NN.AL.WP,24Q2,50.0338524898616
Chart_11,SAFE.H.U2.SME.A.0.0.0.Q2.2C.NN.AL.WP,24Q2,50.8874423346272
Chart_11,SAFE.H.U2.SME.A.0.0.0.Q2.2D.NN.AL.WP,24Q2,18.5815815228147
Chart_11,SAFE.H.U2.SME.A.0.0.0.Q2.2E.NN.AL.WP,24Q2,-14.9139313560545
Chart_11,SAFE.H.U2.ALL.A.0.0.0.Q26.26A.NN.AL.WP,24Q3,24.1871304005503
Chart_11,SAFE.H.U2.ALL.A.0.0.0.Q2.2A.NN.AL.WP,24Q3,6.517991
Chart_11,SAFE.H.U2.ALL.A.0.0.0.Q2.2B.NN.AL.WP,24Q3,58.854844
Chart_11,SAFE.H.U2.ALL.A.0.0.0.Q2.2C.NN.AL.WP,24Q3,54.069677
Chart_11,SAFE.H.U2.ALL.A.0.0.0.Q2.2D.NN.AL.WP,24Q3,20.102757
Chart_11,SAFE.H.U2.ALL.A.0.0.0.Q2.2E.NN.AL.WP,24Q3,-11.516727
Chart_11,SAFE.H.U2.LAR.A.0.0.0.Q26.26A.NN.AL.WP,24Q3,28.3910029762081
Chart_11,SAFE.H.U2.LAR.A.0.0.0.Q2.2A.NN.AL.WP,24Q3,11.491045
Chart_11,SAFE.H.U2.LAR.A.0.0.0.Q2.2B.NN.AL.WP,24Q3,62.557458
Chart_11,SAFE.H.U2.LAR.A.0.0.0.Q2.2C.NN.AL.WP,24Q3,49.230903
Chart_11,SAFE.H.U2.LAR.A.0.0.0.Q2.2D.NN.AL.WP,24Q3,23.943787
Chart_11,SAFE.H.U2.LAR.A.0.0.0.Q2.2E.NN.AL.WP,24Q3,-5.547075
Chart_11,SAFE.H.U2.SME.A.0.0.0.Q26.26A.NN.AL.WP,24Q3,21.76112099668
Chart_11,SAFE.H.U2.SME.A.0.0.0.Q2.2A.NN.AL.WP,24Q3,3.825093
Chart_11,SAFE.H.U2.SME.A.0.0.0.Q2.2B.NN.AL.WP,24Q3,56.849887
Chart_11,SAFE.H.U2.SME.A.0.0.0.Q2.2C.NN.AL.WP,24Q3,56.689863
Chart_11,SAFE.H.U2.SME.A.0.0.0.Q2.2D.NN.AL.WP,24Q3,18.022848
Chart_11,SAFE.H.U2.SME.A.0.0.0.Q2.2E.NN.AL.WP,24Q3,-14.749281
Chart_11,SAFE.H.U2.ALL.A.0.0.0.Q26.26A.NN.AL.WP,24Q4,17.936865
Chart_11,SAFE.H.U2.ALL.A.0.0.0.Q2.2A.NN.AL.WP,24Q4,6.065288
Chart_11,SAFE.H.U2.ALL.A.0.0.0.Q2.2B.NN.AL.WP,24Q4,47.074651
Chart_11,SAFE.H.U2.ALL.A.0.0.0.Q2.2C.NN.AL.WP,24Q4,46.581967
Chart_11,SAFE.H.U2.ALL.A.0.0.0.Q2.2D.NN.AL.WP,24Q4,6.721533
Chart_11,SAFE.H.U2.ALL.A.0.0.0.Q2.2E.NN.AL.WP,24Q4,-13.813384
Chart_11,SAFE.H.U2.LAR.A.0.0.0.Q26.26A.NN.AL.WP,24Q4,23.365779
Chart_11,SAFE.H.U2.LAR.A.0.0.0.Q2.2A.NN.AL.WP,24Q4,20.195915
Chart_11,SAFE.H.U2.LAR.A.0.0.0.Q2.2B.NN.AL.WP,24Q4,56.390769
Chart_11,SAFE.H.U2.LAR.A.0.0.0.Q2.2C.NN.AL.WP,24Q4,45.105301
Chart_11,SAFE.H.U2.LAR.A.0.0.0.Q2.2D.NN.AL.WP,24Q4,2.654139
Chart_11,SAFE.H.U2.LAR.A.0.0.0.Q2.2E.NN.AL.WP,24Q4,-8.952665
Chart_11,SAFE.H.U2.SME.A.0.0.0.Q26.26A.NN.AL.WP,24Q4,14.997121
Chart_11,SAFE.H.U2.SME.A.0.0.0.Q2.2A.NN.AL.WP,24Q4,-1.820868
Chart_11,SAFE.H.U2.SME.A.0.0.0.Q2.2B.NN.AL.WP,24Q4,41.875422
Chart_11,SAFE.H.U2.SME.A.0.0.0.Q2.2C.NN.AL.WP,24Q4,47.406079
Chart_11,SAFE.H.U2.SME.A.0.0.0.Q2.2D.NN.AL.WP,24Q4,8.991503
Chart_11,SAFE.H.U2.SME.A.0.0.0.Q2.2E.NN.AL.WP,24Q4,-16.5261
Chart_11,SAFE.H.U2.ALL.A.0.0.0.Q26.26A.NN.AL.WP,25Q1,10.739281
Chart_11,SAFE.H.U2.ALL.A.0.0.0.Q2.2A.NN.AL.WP,25Q1,5.598508
Chart_11,SAFE.H.U2.ALL.A.0.0.0.Q2.2B.NN.AL.WP,25Q1,60.401346
Chart_11,SAFE.H.U2.ALL.A.0.0.0.Q2.2C.NN.AL.WP,25Q1,59.093658
Chart_11,SAFE.H.U2.ALL.A.0.0.0.Q2.2D.NN.AL.WP,25Q1,8.13877
Chart_11,SAFE.H.U2.ALL.A.0.0.0.Q2.2E.NN.AL.WP,25Q1,-15.765367
Chart_11,SAFE.H.U2.LAR.A.0.0.0.Q26.26A.NN.AL.WP,25Q1,18.833881
Chart_11,SAFE.H.U2.LAR.A.0.0.0.Q2.2A.NN.AL.WP,25Q1,19.737454
Chart_11,SAFE.H.U2.LAR.A.0.0.0.Q2.2B.NN.AL.WP,25Q1,64.461429
Chart_11,SAFE.H.U2.LAR.A.0.0.0.Q2.2C.NN.AL.WP,25Q1,53.300288
Chart_11,SAFE.H.U2.LAR.A.0.0.0.Q2.2D.NN.AL.WP,25Q1,6.382893
Chart_11,SAFE.H.U2.LAR.A.0.0.0.Q2.2E.NN.AL.WP,25Q1,-11.115525
Chart_11,SAFE.H.U2.SME.A.0.0.0.Q26.26A.NN.AL.WP,25Q1,6.221769
Chart_11,SAFE.H.U2.SME.A.0.0.0.Q2.2A.NN.AL.WP,25Q1,-2.216576
Chart_11,SAFE.H.U2.SME.A.0.0.0.Q2.2B.NN.AL.WP,25Q1,58.157198
Chart_11,SAFE.H.U2.SME.A.0.0.0.Q2.2C.NN.AL.WP,25Q1,62.295853
Chart_11,SAFE.H.U2.SME.A.0.0.0.Q2.2D.NN.AL.WP,25Q1,9.109304
Chart_11,SAFE.H.U2.SME.A.0.0.0.Q2.2E.NN.AL.WP,25Q1,-18.335496
Chart_11,SAFE.H.U2.ALL.A.0.0.0.Q26.26A.NN.AL.WP,25Q2,29.99771
Chart_11,SAFE.H.U2.ALL.A.0.0.0.Q2.2A.NN.AL.WP,25Q2,8.351479
Chart_11,SAFE.H.U2.ALL.A.0.0.0.Q2.2B.NN.AL.WP,25Q2,49.681654
Chart_11,SAFE.H.U2.ALL.A.0.0.0.Q2.2C.NN.AL.WP,25Q2,45.420792
Chart_11,SAFE.H.U2.ALL.A.0.0.0.Q2.2D.NN.AL.WP,25Q2,0.892048
Chart_11,SAFE.H.U2.ALL.A.0.0.0.Q2.2E.NN.AL.WP,25Q2,-12.641559
Chart_11,SAFE.H.U2.LAR.A.0.0.0.Q26.26A.NN.AL.WP,25Q2,40.513551
Chart_11,SAFE.H.U2.LAR.A.0.0.0.Q2.2A.NN.AL.WP,25Q2,16.339206
Chart_11,SAFE.H.U2.LAR.A.0.0.0.Q2.2B.NN.AL.WP,25Q2,54.418978
Chart_11,SAFE.H.U2.LAR.A.0.0.0.Q2.2C.NN.AL.WP,25Q2,39.002577
Chart_11,SAFE.H.U2.LAR.A.0.0.0.Q2.2D.NN.AL.WP,25Q2,-3.483108
Chart_11,SAFE.H.U2.LAR.A.0.0.0.Q2.2E.NN.AL.WP,25Q2,-8.418443
Chart_11,SAFE.H.U2.SME.A.0.0.0.Q26.26A.NN.AL.WP,25Q2,24.185241
Chart_11,SAFE.H.U2.SME.A.0.0.0.Q2.2A.NN.AL.WP,25Q2,3.893612
Chart_11,SAFE.H.U2.SME.A.0.0.0.Q2.2B.NN.AL.WP,25Q2,47.037803
Chart_11,SAFE.H.U2.SME.A.0.0.0.Q2.2C.NN.AL.WP,25Q2,49.002731
Chart_11,SAFE.H.U2.SME.A.0.0.0.Q2.2D.NN.AL.WP,25Q2,3.333777
Chart_11,SAFE.H.U2.SME.A.0.0.0.Q2.2E.NN.AL.WP,25Q2,-14.998436
Chart_11,SAFE.H.U2.ALL.A.0.0.0.Q26.26A.NN.AL.WP,25Q3,23.434389
Chart_11,SAFE.H.U2.ALL.A.0.0.0.Q2.2A.NN.AL.WP,25Q3,-0.442492
Chart_11,SAFE.H.U2.ALL.A.0.0.0.Q2.2B.NN.AL.WP,25Q3,42.187161
Chart_11,SAFE.H.U2.ALL.A.0.0.0.Q2.2C.NN.AL.WP,25Q3,40.751006
Chart_11,SAFE.H.U2.ALL.A.0.0.0.Q2.2D.NN.AL.WP,25Q3,0.463794
Chart_11,SAFE.H.U2.ALL.A.0.0.0.Q2.2E.NN.AL.WP,25Q3,-13.443374
Chart_11,SAFE.H.U2.LAR.A.0.0.0.Q26.26A.NN.AL.WP,25Q3,30.990579
Chart_11,SAFE.H.U2.LAR.A.0.0.0.Q2.2A.NN.AL.WP,25Q3,5.473343
Chart_11,SAFE.H.U2.LAR.A.0.0.0.Q2.2B.NN.AL.WP,25Q3,43.483393
Chart_11,SAFE.H.U2.LAR.A.0.0.0.Q2.2C.NN.AL.WP,25Q3,30.882938
Chart_11,SAFE.H.U2.LAR.A.0.0.0.Q2.2D.NN.AL.WP,25Q3,-6.777303
Chart_11,SAFE.H.U2.LAR.A.0.0.0.Q2.2E.NN.AL.WP,25Q3,-7.35242
Chart_11,SAFE.H.U2.SME.A.0.0.0.Q26.26A.NN.AL.WP,25Q3,19.217359
Chart_11,SAFE.H.U2.SME.A.0.0.0.Q2.2A.NN.AL.WP,25Q3,-3.635875
Chart_11,SAFE.H.U2.SME.A.0.0.0.Q2.2B.NN.AL.WP,25Q3,41.487452
Chart_11,SAFE.H.U2.SME.A.0.0.0.Q2.2C.NN.AL.WP,25Q3,46.077813
Chart_11,SAFE.H.U2.SME.A.0.0.0.Q2.2D.NN.AL.WP,25Q3,4.372557
Chart_11,SAFE.H.U2.SME.A.0.0.0.Q2.2E.NN.AL.WP,25Q3,-16.731285
Chart_11,SAFE.H.U2.ALL.A.0.0.0.Q26.26A.NN.AL.WP,25Q4,24.923907
Chart_11,SAFE.H.U2.ALL.A.0.0.0.Q2.2A.NN.AL.WP,25Q4,6.604016
Chart_11,SAFE.H.U2.ALL.A.0.0.0.Q2.2B.NN.AL.WP,25Q4,50.452491
Chart_11,SAFE.H.U2.ALL.A.0.0.0.Q2.2C.NN.AL.WP,25Q4,52.284081
Chart_11,SAFE.H.U2.ALL.A.0.0.0.Q2.2D.NN.AL.WP,25Q4,5.650451
Chart_11,SAFE.H.U2.ALL.A.0.0.0.Q2.2E.NN.AL.WP,25Q4,-10.330534
Chart_11,SAFE.H.U2.LAR.A.0.0.0.Q26.26A.NN.AL.WP,25Q4,36.3527
Chart_11,SAFE.H.U2.LAR.A.0.0.0.Q2.2A.NN.AL.WP,25Q4,14.100361
Chart_11,SAFE.H.U2.LAR.A.0.0.0.Q2.2B.NN.AL.WP,25Q4,53.059646
Chart_11,SAFE.H.U2.LAR.A.0.0.0.Q2.2C.NN.AL.WP,25Q4,46.560442
Chart_11,SAFE.H.U2.LAR.A.0.0.0.Q2.2D.NN.AL.WP,25Q4,0.169545
Chart_11,SAFE.H.U2.LAR.A.0.0.0.Q2.2E.NN.AL.WP,25Q4,-6.238889
Chart_11,SAFE.H.U2.SME.A.0.0.0.Q26.26A.NN.AL.WP,25Q4,18.754616
Chart_11,SAFE.H.U2.SME.A.0.0.0.Q2.2A.NN.AL.WP,25Q4,2.415509
Chart_11,SAFE.H.U2.SME.A.0.0.0.Q2.2B.NN.AL.WP,25Q4,48.995769
Chart_11,SAFE.H.U2.SME.A.0.0.0.Q2.2C.NN.AL.WP,25Q4,55.482107
Chart_11,SAFE.H.U2.SME.A.0.0.0.Q2.2D.NN.AL.WP,25Q4,8.712852
Chart_11,SAFE.H.U2.SME.A.0.0.0.Q2.2E.NN.AL.WP,25Q4,-12.616699
Chart_11,SAFE.H.U2.ALL.A.0.0.0.Q26.26A.NN.AL.WP,26Q1,18.173318
Chart_11,SAFE.H.U2.ALL.A.0.0.0.Q2.2A.NN.AL.WP,26Q1,1.435349
Chart_11,SAFE.H.U2.ALL.A.0.0.0.Q2.2B.NN.AL.WP,26Q1,63.23248
Chart_11,SAFE.H.U2.ALL.A.0.0.0.Q2.2C.NN.AL.WP,26Q1,66.629693
Chart_11,SAFE.H.U2.ALL.A.0.0.0.Q2.2D.NN.AL.WP,26Q1,10.695609
Chart_11,SAFE.H.U2.ALL.A.0.0.0.Q2.2E.NN.AL.WP,26Q1,-16.29101
Chart_11,SAFE.H.U2.LAR.A.0.0.0.Q26.26A.NN.AL.WP,26Q1,25.389261
Chart_11,SAFE.H.U2.LAR.A.0.0.0.Q2.2A.NN.AL.WP,26Q1,16.551947
Chart_11,SAFE.H.U2.LAR.A.0.0.0.Q2.2B.NN.AL.WP,26Q1,66.855678
Chart_11,SAFE.H.U2.LAR.A.0.0.0.Q2.2C.NN.AL.WP,26Q1,64.117184
Chart_11,SAFE.H.U2.LAR.A.0.0.0.Q2.2D.NN.AL.WP,26Q1,10.972889
Chart_11,SAFE.H.U2.LAR.A.0.0.0.Q2.2E.NN.AL.WP,26Q1,-3.621112
Chart_11,SAFE.H.U2.SME.A.0.0.0.Q26.26A.NN.AL.WP,26Q1,14.141482
Chart_11,SAFE.H.U2.SME.A.0.0.0.Q2.2A.NN.AL.WP,26Q1,-7.176686
Chart_11,SAFE.H.U2.SME.A.0.0.0.Q2.2B.NN.AL.WP,26Q1,61.168318
Chart_11,SAFE.H.U2.SME.A.0.0.0.Q2.2C.NN.AL.WP,26Q1,68.061088
Chart_11,SAFE.H.U2.SME.A.0.0.0.Q2.2D.NN.AL.WP,26Q1,10.537641
Chart_11,SAFE.H.U2.SME.A.0.0.0.Q2.2E.NN.AL.WP,26Q1,-23.509142
Chart_11,SAFE.H.U2.ALL.A.0.0.0.Q26.26A.NN.AL.WP,26Q2,28.575648
Chart_11,SAFE.H.U2.LAR.A.0.0.0.Q26.26A.NN.AL.WP,26Q2,35.982006
Chart_11,SAFE.H.U2.SME.A.0.0.0.Q26.26A.NN.AL.WP,26Q2,24.356192
Chart_11,SAFE.Q.U2.ALL.A.0.0.0.Q2_G1.2A.NN.AL.WP,24Q2,7.7151058106902
Chart_11,SAFE.Q.U2.ALL.A.0.0.0.Q2_G1.2B.NN.AL.WP,24Q2,52.9695977863619
Chart_11,SAFE.Q.U2.ALL.A.0.0.0.Q2_G1.2C.NN.AL.WP,24Q2,44.3626613075747
Chart_11,SAFE.Q.U2.ALL.A.0.0.0.Q2_G1.2D.NN.AL.WP,24Q2,19.2966971361023
Chart_11,SAFE.Q.U2.ALL.A.0.0.0.Q2_G1.2E.NN.AL.WP,24Q2,-10.3511498803458
Chart_11,SAFE.Q.U2.LAR.A.0.0.0.Q2_G1.2A.NN.AL.WP,24Q2,14.7975501621905
Chart_11,SAFE.Q.U2.LAR.A.0.0.0.Q2_G1.2B.NN.AL.WP,24Q2,58.0567582571289
Chart_11,SAFE.Q.U2.LAR.A.0.0.0.Q2_G1.2C.NN.AL.WP,24Q2,33.0562962217528
Chart_11,SAFE.Q.U2.LAR.A.0.0.0.Q2_G1.2D.NN.AL.WP,24Q2,20.5358740784208
Chart_11,SAFE.Q.U2.LAR.A.0.0.0.Q2_G1.2E.NN.AL.WP,24Q2,-2.44460513082848
Chart_11,SAFE.Q.U2.SME.A.0.0.0.Q2_G1.2A.NN.AL.WP,24Q2,3.62790376307801
Chart_11,SAFE.Q.U2.SME.A.0.0.0.Q2_G1.2B.NN.AL.WP,24Q2,50.0338524898616
Chart_11,SAFE.Q.U2.SME.A.0.0.0.Q2_G1.2C.NN.AL.WP,24Q2,50.8874423346272
Chart_11,SAFE.Q.U2.SME.A.0.0.0.Q2_G1.2D.NN.AL.WP,24Q2,18.5815815228147
Chart_11,SAFE.Q.U2.SME.A.0.0.0.Q2_G1.2E.NN.AL.WP,24Q2,-14.9139313560545
Chart_11,SAFE.Q.U2.ALL.A.0.0.0.Q26_G1.26A.NN.AL.WP,24Q3,24.1871304005503
Chart_11,SAFE.Q.U2.ALL.A.0.0.0.Q2_G1.2A.NN.AL.WP,24Q3,6.517991
Chart_11,SAFE.Q.U2.ALL.A.0.0.0.Q2_G1.2B.NN.AL.WP,24Q3,58.854844
Chart_11,SAFE.Q.U2.ALL.A.0.0.0.Q2_G1.2C.NN.AL.WP,24Q3,54.069677
Chart_11,SAFE.Q.U2.ALL.A.0.0.0.Q2_G1.2D.NN.AL.WP,24Q3,20.102757
Chart_11,SAFE.Q.U2.ALL.A.0.0.0.Q2_G1.2E.NN.AL.WP,24Q3,-11.516727
Chart_11,SAFE.Q.U2.LAR.A.0.0.0.Q26_G1.26A.NN.AL.WP,24Q3,28.3910029762081
Chart_11,SAFE.Q.U2.LAR.A.0.0.0.Q2_G1.2A.NN.AL.WP,24Q3,11.491045
Chart_11,SAFE.Q.U2.LAR.A.0.0.0.Q2_G1.2B.NN.AL.WP,24Q3,62.557458
Chart_11,SAFE.Q.U2.LAR.A.0.0.0.Q2_G1.2C.NN.AL.WP,24Q3,49.230903
Chart_11,SAFE.Q.U2.LAR.A.0.0.0.Q2_G1.2D.NN.AL.WP,24Q3,23.943787
Chart_11,SAFE.Q.U2.LAR.A.0.0.0.Q2_G1.2E.NN.AL.WP,24Q3,-5.547075
Chart_11,SAFE.Q.U2.SME.A.0.0.0.Q26_G1.26A.NN.AL.WP,24Q3,21.76112099668
Chart_11,SAFE.Q.U2.SME.A.0.0.0.Q2_G1.2A.NN.AL.WP,24Q3,3.825093
Chart_11,SAFE.Q.U2.SME.A.0.0.0.Q2_G1.2B.NN.AL.WP,24Q3,56.849887
Chart_11,SAFE.Q.U2.SME.A.0.0.0.Q2_G1.2C.NN.AL.WP,24Q3,56.689863
Chart_11,SAFE.Q.U2.SME.A.0.0.0.Q2_G1.2D.NN.AL.WP,24Q3,18.022848
Chart_11,SAFE.Q.U2.SME.A.0.0.0.Q2_G1.2E.NN.AL.WP,24Q3,-14.749281
Chart_11,SAFE.Q.U2.ALL.A.0.0.0.Q26_G1.26A.NN.AL.WP,24Q4,17.936865
Chart_11,SAFE.Q.U2.ALL.A.0.0.0.Q2_G1.2A.NN.AL.WP,24Q4,6.065288
Chart_11,SAFE.Q.U2.ALL.A.0.0.0.Q2_G1.2B.NN.AL.WP,24Q4,47.074651
Chart_11,SAFE.Q.U2.ALL.A.0.0.0.Q2_G1.2C.NN.AL.WP,24Q4,46.581967
Chart_11,SAFE.Q.U2.ALL.A.0.0.0.Q2_G1.2D.NN.AL.WP,24Q4,6.721533
Chart_11,SAFE.Q.U2.ALL.A.0.0.0.Q2_G1.2E.NN.AL.WP,24Q4,-13.813384
Chart_11,SAFE.Q.U2.LAR.A.0.0.0.Q26_G1.26A.NN.AL.WP,24Q4,23.365779
Chart_11,SAFE.Q.U2.LAR.A.0.0.0.Q2_G1.2A.NN.AL.WP,24Q4,20.195915
Chart_11,SAFE.Q.U2.LAR.A.0.0.0.Q2_G1.2B.NN.AL.WP,24Q4,56.390769
Chart_11,SAFE.Q.U2.LAR.A.0.0.0.Q2_G1.2C.NN.AL.WP,24Q4,45.105301
Chart_11,SAFE.Q.U2.LAR.A.0.0.0.Q2_G1.2D.NN.AL.WP,24Q4,2.654139
Chart_11,SAFE.Q.U2.LAR.A.0.0.0.Q2_G1.2E.NN.AL.WP,24Q4,-8.952665
Chart_11,SAFE.Q.U2.SME.A.0.0.0.Q26_G1.26A.NN.AL.WP,24Q4,14.997121
Chart_11,SAFE.Q.U2.SME.A.0.0.0.Q2_G1.2A.NN.AL.WP,24Q4,-1.820868
Chart_11,SAFE.Q.U2.SME.A.0.0.0.Q2_G1.2B.NN.AL.WP,24Q4,41.875422
Chart_11,SAFE.Q.U2.SME.A.0.0.0.Q2_G1.2C.NN.AL.WP,24Q4,47.406079
Chart_11,SAFE.Q.U2.SME.A.0.0.0.Q2_G1.2D.NN.AL.WP,24Q4,8.991503
Chart_11,SAFE.Q.U2.SME.A.0.0.0.Q2_G1.2E.NN.AL.WP,24Q4,-16.5261
Chart_11,SAFE.Q.U2.ALL.A.0.0.0.Q26_G1.26A.NN.AL.WP,25Q1,10.739281
Chart_11,SAFE.Q.U2.ALL.A.0.0.0.Q2_G1.2A.NN.AL.WP,25Q1,5.598508
Chart_11,SAFE.Q.U2.ALL.A.0.0.0.Q2_G1.2B.NN.AL.WP,25Q1,60.401346
Chart_11,SAFE.Q.U2.ALL.A.0.0.0.Q2_G1.2C.NN.AL.WP,25Q1,59.093658
Chart_11,SAFE.Q.U2.ALL.A.0.0.0.Q2_G1.2D.NN.AL.WP,25Q1,8.13877
Chart_11,SAFE.Q.U2.ALL.A.0.0.0.Q2_G1.2E.NN.AL.WP,25Q1,-15.765367
Chart_11,SAFE.Q.U2.LAR.A.0.0.0.Q26_G1.26A.NN.AL.WP,25Q1,18.833881
Chart_11,SAFE.Q.U2.LAR.A.0.0.0.Q2_G1.2A.NN.AL.WP,25Q1,19.737454
Chart_11,SAFE.Q.U2.LAR.A.0.0.0.Q2_G1.2B.NN.AL.WP,25Q1,64.461429
Chart_11,SAFE.Q.U2.LAR.A.0.0.0.Q2_G1.2C.NN.AL.WP,25Q1,53.300288
Chart_11,SAFE.Q.U2.LAR.A.0.0.0.Q2_G1.2D.NN.AL.WP,25Q1,6.382893
Chart_11,SAFE.Q.U2.LAR.A.0.0.0.Q2_G1.2E.NN.AL.WP,25Q1,-11.115525
Chart_11,SAFE.Q.U2.SME.A.0.0.0.Q26_G1.26A.NN.AL.WP,25Q1,6.221769
Chart_11,SAFE.Q.U2.SME.A.0.0.0.Q2_G1.2A.NN.AL.WP,25Q1,-2.216576
Chart_11,SAFE.Q.U2.SME.A.0.0.0.Q2_G1.2B.NN.AL.WP,25Q1,58.157198
Chart_11,SAFE.Q.U2.SME.A.0.0.0.Q2_G1.2C.NN.AL.WP,25Q1,62.295853
Chart_11,SAFE.Q.U2.SME.A.0.0.0.Q2_G1.2D.NN.AL.WP,25Q1,9.109304
Chart_11,SAFE.Q.U2.SME.A.0.0.0.Q2_G1.2E.NN.AL.WP,25Q1,-18.335496
Chart_11,SAFE.Q.U2.ALL.A.0.0.0.Q26_G1.26A.NN.AL.WP,25Q2,29.99771
Chart_11,SAFE.Q.U2.ALL.A.0.0.0.Q2_G1.2A.NN.AL.WP,25Q2,8.351479
Chart_11,SAFE.Q.U2.ALL.A.0.0.0.Q2_G1.2B.NN.AL.WP,25Q2,49.681654
Chart_11,SAFE.Q.U2.ALL.A.0.0.0.Q2_G1.2C.NN.AL.WP,25Q2,45.420792
Chart_11,SAFE.Q.U2.ALL.A.0.0.0.Q2_G1.2D.NN.AL.WP,25Q2,0.892048
Chart_11,SAFE.Q.U2.ALL.A.0.0.0.Q2_G1.2E.NN.AL.WP,25Q2,-12.641559
Chart_11,SAFE.Q.U2.LAR.A.0.0.0.Q26_G1.26A.NN.AL.WP,25Q2,40.513551
Chart_11,SAFE.Q.U2.LAR.A.0.0.0.Q2_G1.2A.NN.AL.WP,25Q2,16.339206
Chart_11,SAFE.Q.U2.LAR.A.0.0.0.Q2_G1.2B.NN.AL.WP,25Q2,54.418978
Chart_11,SAFE.Q.U2.LAR.A.0.0.0.Q2_G1.2C.NN.AL.WP,25Q2,39.002577
Chart_11,SAFE.Q.U2.LAR.A.0.0.0.Q2_G1.2D.NN.AL.WP,25Q2,-3.483108
Chart_11,SAFE.Q.U2.LAR.A.0.0.0.Q2_G1.2E.NN.AL.WP,25Q2,-8.418443
Chart_11,SAFE.Q.U2.SME.A.0.0.0.Q26_G1.26A.NN.AL.WP,25Q2,24.185241
Chart_11,SAFE.Q.U2.SME.A.0.0.0.Q2_G1.2A.NN.AL.WP,25Q2,3.893612
Chart_11,SAFE.Q.U2.SME.A.0.0.0.Q2_G1.2B.NN.AL.WP,25Q2,47.037803
Chart_11,SAFE.Q.U2.SME.A.0.0.0.Q2_G1.2C.NN.AL.WP,25Q2,49.002731
Chart_11,SAFE.Q.U2.SME.A.0.0.0.Q2_G1.2D.NN.AL.WP,25Q2,3.333777
Chart_11,SAFE.Q.U2.SME.A.0.0.0.Q2_G1.2E.NN.AL.WP,25Q2,-14.998436
Chart_11,SAFE.Q.U2.ALL.A.0.0.0.Q26_G1.26A.NN.AL.WP,25Q3,23.434389
Chart_11,SAFE.Q.U2.ALL.A.0.0.0.Q2_G1.2A.NN.AL.WP,25Q3,-0.442492
Chart_11,SAFE.Q.U2.ALL.A.0.0.0.Q2_G1.2B.NN.AL.WP,25Q3,42.187161
Chart_11,SAFE.Q.U2.ALL.A.0.0.0.Q2_G1.2C.NN.AL.WP,25Q3,40.751006
Chart_11,SAFE.Q.U2.ALL.A.0.0.0.Q2_G1.2D.NN.AL.WP,25Q3,0.463794
Chart_11,SAFE.Q.U2.ALL.A.0.0.0.Q2_G1.2E.NN.AL.WP,25Q3,-13.443374
Chart_11,SAFE.Q.U2.LAR.A.0.0.0.Q26_G1.26A.NN.AL.WP,25Q3,30.990579
Chart_11,SAFE.Q.U2.LAR.A.0.0.0.Q2_G1.2A.NN.AL.WP,25Q3,5.473343
Chart_11,SAFE.Q.U2.LAR.A.0.0.0.Q2_G1.2B.NN.AL.WP,25Q3,43.483393
Chart_11,SAFE.Q.U2.LAR.A.0.0.0.Q2_G1.2C.NN.AL.WP,25Q3,30.882938
Chart_11,SAFE.Q.U2.LAR.A.0.0.0.Q2_G1.2D.NN.AL.WP,25Q3,-6.777303
Chart_11,SAFE.Q.U2.LAR.A.0.0.0.Q2_G1.2E.NN.AL.WP,25Q3,-7.35242
Chart_11,SAFE.Q.U2.SME.A.0.0.0.Q26_G1.26A.NN.AL.WP,25Q3,19.217359
Chart_11,SAFE.Q.U2.SME.A.0.0.0.Q2_G1.2A.NN.AL.WP,25Q3,-3.635875
Chart_11,SAFE.Q.U2.SME.A.0.0.0.Q2_G1.2B.NN.AL.WP,25Q3,41.487452
Chart_11,SAFE.Q.U2.SME.A.0.0.0.Q2_G1.2C.NN.AL.WP,25Q3,46.077813
Chart_11,SAFE.Q.U2.SME.A.0.0.0.Q2_G1.2D.NN.AL.WP,25Q3,4.372557
Chart_11,SAFE.Q.U2.SME.A.0.0.0.Q2_G1.2E.NN.AL.WP,25Q3,-16.731285
Chart_11,SAFE.Q.U2.ALL.A.0.0.0.Q26_G1.26A.NN.AL.WP,25Q4,24.923907
Chart_11,SAFE.Q.U2.ALL.A.0.0.0.Q2_G1.2A.NN.AL.WP,25Q4,6.604016
Chart_11,SAFE.Q.U2.ALL.A.0.0.0.Q2_G1.2B.NN.AL.WP,25Q4,50.452491
Chart_11,SAFE.Q.U2.ALL.A.0.0.0.Q2_G1.2C.NN.AL.WP,25Q4,52.284081
Chart_11,SAFE.Q.U2.ALL.A.0.0.0.Q2_G1.2D.NN.AL.WP,25Q4,5.650451
Chart_11,SAFE.Q.U2.ALL.A.0.0.0.Q2_G1.2E.NN.AL.WP,25Q4,-10.330534
Chart_11,SAFE.Q.U2.LAR.A.0.0.0.Q26_G1.26A.NN.AL.WP,25Q4,36.3527
Chart_11,SAFE.Q.U2.LAR.A.0.0.0.Q2_G1.2A.NN.AL.WP,25Q4,14.100361
Chart_11,SAFE.Q.U2.LAR.A.0.0.0.Q2_G1.2B.NN.AL.WP,25Q4,53.059646
Chart_11,SAFE.Q.U2.LAR.A.0.0.0.Q2_G1.2C.NN.AL.WP,25Q4,46.560442
Chart_11,SAFE.Q.U2.LAR.A.0.0.0.Q2_G1.2D.NN.AL.WP,25Q4,0.169545
Chart_11,SAFE.Q.U2.LAR.A.0.0.0.Q2_G1.2E.NN.AL.WP,25Q4,-6.238889
Chart_11,SAFE.Q.U2.SME.A.0.0.0.Q26_G1.26A.NN.AL.WP,25Q4,18.754616
Chart_11,SAFE.Q.U2.SME.A.0.0.0.Q2_G1.2A.NN.AL.WP,25Q4,2.415509
Chart_11,SAFE.Q.U2.SME.A.0.0.0.Q2_G1.2B.NN.AL.WP,25Q4,48.995769
Chart_11,SAFE.Q.U2.SME.A.0.0.0.Q2_G1.2C.NN.AL.WP,25Q4,55.482107
Chart_11,SAFE.Q.U2.SME.A.0.0.0.Q2_G1.2D.NN.AL.WP,25Q4,8.712852
Chart_11,SAFE.Q.U2.SME.A.0.0.0.Q2_G1.2E.NN.AL.WP,25Q4,-12.616699
Chart_11,SAFE.Q.U2.ALL.A.0.0.0.Q26_G1.26A.NN.AL.WP,26Q1,18.173318
Chart_11,SAFE.Q.U2.ALL.A.0.0.0.Q2_G1.2A.NN.AL.WP,26Q1,1.435349
Chart_11,SAFE.Q.U2.ALL.A.0.0.0.Q2_G1.2B.NN.AL.WP,26Q1,63.23248
Chart_11,SAFE.Q.U2.ALL.A.0.0.0.Q2_G1.2C.NN.AL.WP,26Q1,66.629693
Chart_11,SAFE.Q.U2.ALL.A.0.0.0.Q2_G1.2D.NN.AL.WP,26Q1,10.695609
Chart_11,SAFE.Q.U2.ALL.A.0.0.0.Q2_G1.2E.NN.AL.WP,26Q1,-16.29101
Chart_11,SAFE.Q.U2.LAR.A.0.0.0.Q26_G1.26A.NN.AL.WP,26Q1,25.389261
Chart_11,SAFE.Q.U2.LAR.A.0.0.0.Q2_G1.2A.NN.AL.WP,26Q1,16.551947
Chart_11,SAFE.Q.U2.LAR.A.0.0.0.Q2_G1.2B.NN.AL.WP,26Q1,66.855678
Chart_11,SAFE.Q.U2.LAR.A.0.0.0.Q2_G1.2C.NN.AL.WP,26Q1,64.117184
Chart_11,SAFE.Q.U2.LAR.A.0.0.0.Q2_G1.2D.NN.AL.WP,26Q1,10.972889
Chart_11,SAFE.Q.U2.LAR.A.0.0.0.Q2_G1.2E.NN.AL.WP,26Q1,-3.621112
Chart_11,SAFE.Q.U2.SME.A.0.0.0.Q26_G1.26A.NN.AL.WP,26Q1,14.141482
Chart_11,SAFE.Q.U2.SME.A.0.0.0.Q2_G1.2A.NN.AL.WP,26Q1,-7.176686
Chart_11,SAFE.Q.U2.SME.A.0.0.0.Q2_G1.2B.NN.AL.WP,26Q1,61.168318
Chart_11,SAFE.Q.U2.SME.A.0.0.0.Q2_G1.2C.NN.AL.WP,26Q1,68.061088
Chart_11,SAFE.Q.U2.SME.A.0.0.0.Q2_G1.2D.NN.AL.WP,26Q1,10.537641
Chart_11,SAFE.Q.U2.SME.A.0.0.0.Q2_G1.2E.NN.AL.WP,26Q1,-23.509142
Chart_11,SAFE.Q.U2.ALL.A.0.0.0.Q26_G1.26A.NN.AL.WP,26Q2,28.575648
Chart_11,SAFE.Q.U2.LAR.A.0.0.0.Q26_G1.26A.NN.AL.WP,26Q2,35.982006
Chart_11,SAFE.Q.U2.SME.A.0.0.0.Q26_G1.26A.NN.AL.WP,26Q2,24.356192
Chart_13,SAFE.H.U2.ALL.A.0.0.0.Q2.2G.NN.AL.WP,22Q4-Q1,14.8215
Chart_13,SAFE.H.U2.LAR.A.0.0.0.Q2.2G.NN.AL.WP,22Q4-Q1,19.32707
Chart_13,SAFE.H.U2.SME.A.0.0.0.Q2.2G.NN.AL.WP,22Q4-Q1,12.23613
Chart_13,SAFE.H.U2.ALL.A.0.0.0.Q2.2G.NN.AL.WP,23Q2-Q3,10.09778
Chart_13,SAFE.H.U2.LAR.A.0.0.0.Q2.2G.NN.AL.WP,23Q2-Q3,13.65212
Chart_13,SAFE.H.U2.SME.A.0.0.0.Q2.2G.NN.AL.WP,23Q2-Q3,8.090254
Chart_13,SAFE.H.U2.ALL.A.0.0.0.Q2.2G.NN.AL.WP,23Q4-Q1,7.711981
Chart_13,SAFE.H.U2.LAR.A.0.0.0.Q2.2G.NN.AL.WP,23Q4-Q1,11.79513
Chart_13,SAFE.H.U2.SME.A.0.0.0.Q2.2G.NN.AL.WP,23Q4-Q1,5.301276
Chart_13,SAFE.H.U2.ALL.A.0.0.0.Q26.26B.NN.AL.WP,24Q2-Q3,7.055959
Chart_13,SAFE.H.U2.ALL.A.0.0.0.Q2.2G.NN.AL.WP,24Q2-Q3,9.629231
Chart_13,SAFE.H.U2.LAR.A.0.0.0.Q26.26B.NN.AL.WP,24Q2-Q3,11.64358
Chart_13,SAFE.H.U2.LAR.A.0.0.0.Q2.2G.NN.AL.WP,24Q2-Q3,12.692126
Chart_13,SAFE.H.U2.SME.A.0.0.0.Q26.26B.NN.AL.WP,24Q2-Q3,4.347412
Chart_13,SAFE.H.U2.SME.A.0.0.0.Q2.2G.NN.AL.WP,24Q2-Q3,7.943283
Chart_13,SAFE.H.U2.ALL.A.0.0.0.Q26.26B.NN.AL.WP,24Q4-Q1,8.150549
Chart_13,SAFE.H.U2.ALL.A.0.0.0.Q2.2G.NN.AL.WP,24Q4-Q1,6.100083
Chart_13,SAFE.H.U2.LAR.A.0.0.0.Q26.26B.NN.AL.WP,24Q4-Q1,13.351707
Chart_13,SAFE.H.U2.LAR.A.0.0.0.Q2.2G.NN.AL.WP,24Q4-Q1,10.176789
Chart_13,SAFE.H.U2.SME.A.0.0.0.Q26.26B.NN.AL.WP,24Q4-Q1,5.28761
Chart_13,SAFE.H.U2.SME.A.0.0.0.Q2.2G.NN.AL.WP,24Q4-Q1,3.802944
Chart_13,SAFE.H.U2.ALL.A.0.0.0.Q26.26B.NN.AL.WP,25Q2-Q3,13.613668
Chart_13,SAFE.H.U2.ALL.A.0.0.0.Q2.2G.NN.AL.WP,25Q2-Q3,8.270898
Chart_13,SAFE.H.U2.LAR.A.0.0.0.Q26.26B.NN.AL.WP,25Q2-Q3,26.920254
Chart_13,SAFE.H.U2.LAR.A.0.0.0.Q2.2G.NN.AL.WP,25Q2-Q3,8.17307
Chart_13,SAFE.H.U2.SME.A.0.0.0.Q26.26B.NN.AL.WP,25Q2-Q3,6.115685
Chart_13,SAFE.H.U2.SME.A.0.0.0.Q2.2G.NN.AL.WP,25Q2-Q3,8.324702
Chart_13,SAFE.H.U2.ALL.A.0.0.0.Q26.26B.NN.AL.WP,25Q4-Q1,13.017814
Chart_13,SAFE.H.U2.ALL.A.0.0.0.Q2.2G.NN.AL.WP,25Q4-Q1,8.223562
Chart_13,SAFE.H.U2.LAR.A.0.0.0.Q26.26B.NN.AL.WP,25Q4-Q1,22.103062
Chart_13,SAFE.H.U2.LAR.A.0.0.0.Q2.2G.NN.AL.WP,25Q4-Q1,11.848888
Chart_13,SAFE.H.U2.SME.A.0.0.0.Q26.26B.NN.AL.WP,25Q4-Q1,8.020992
Chart_13,SAFE.H.U2.SME.A.0.0.0.Q2.2G.NN.AL.WP,25Q4-Q1,6.237946
Chart_13,SAFE.H.U2.ALL.A.0.0.0.Q26.26B.NN.AL.WP,26Q2-Q3,9.876844
Chart_13,SAFE.H.U2.LAR.A.0.0.0.Q26.26B.NN.AL.WP,26Q2-Q3,15.506352
Chart_13,SAFE.H.U2.SME.A.0.0.0.Q26.26B.NN.AL.WP,26Q2-Q3,6.793524
Chart_13,SAFE.H.U2.ALL.A.0.0.0.Q2.2G.NN.AL.WP,24Q2,8.88609225193155
Chart_13,SAFE.H.U2.LAR.A.0.0.0.Q2.2G.NN.AL.WP,24Q2,13.7205484438866
Chart_13,SAFE.H.U2.SME.A.0.0.0.Q2.2G.NN.AL.WP,24Q2,6.09617986205669
Chart_13,SAFE.H.U2.ALL.A.0.0.0.Q26.26B.NN.AL.WP,24Q3,9.29945115547674
Chart_13,SAFE.H.U2.ALL.A.0.0.0.Q2.2G.NN.AL.WP,24Q3,7.460893
Chart_13,SAFE.H.U2.LAR.A.0.0.0.Q26.26B.NN.AL.WP,24Q3,15.7141169515483
Chart_13,SAFE.H.U2.LAR.A.0.0.0.Q2.2G.NN.AL.WP,24Q3,11.383618
Chart_13,SAFE.H.U2.SME.A.0.0.0.Q26.26B.NN.AL.WP,24Q3,5.59761689102577
Chart_13,SAFE.H.U2.SME.A.0.0.0.Q2.2G.NN.AL.WP,24Q3,5.336746
Chart_13,SAFE.H.U2.ALL.A.0.0.0.Q26.26B.NN.AL.WP,24Q4,6.538062
Chart_13,SAFE.H.U2.ALL.A.0.0.0.Q2.2G.NN.AL.WP,24Q4,3.901336
Chart_13,SAFE.H.U2.LAR.A.0.0.0.Q26.26B.NN.AL.WP,24Q4,13.686296
Chart_13,SAFE.H.U2.LAR.A.0.0.0.Q2.2G.NN.AL.WP,24Q4,4.374341
Chart_13,SAFE.H.U2.SME.A.0.0.0.Q26.26B.NN.AL.WP,24Q4,2.667309
Chart_13,SAFE.H.U2.SME.A.0.0.0.Q2.2G.NN.AL.WP,24Q4,3.637357
Chart_13,SAFE.H.U2.ALL.A.0.0.0.Q26.26B.NN.AL.WP,25Q1,3.950092
Chart_13,SAFE.H.U2.ALL.A.0.0.0.Q2.2G.NN.AL.WP,25Q1,5.268255
Chart_13,SAFE.H.U2.LAR.A.0.0.0.Q26.26B.NN.AL.WP,25Q1,7.421718
Chart_13,SAFE.H.U2.LAR.A.0.0.0.Q2.2G.NN.AL.WP,25Q1,8.879675
Chart_13,SAFE.H.U2.SME.A.0.0.0.Q26.26B.NN.AL.WP,25Q1,2.012614
Chart_13,SAFE.H.U2.SME.A.0.0.0.Q2.2G.NN.AL.WP,25Q1,3.272099
Chart_13,SAFE.H.U2.ALL.A.0.0.0.Q26.26B.NN.AL.WP,25Q2,10.667787
Chart_13,SAFE.H.U2.ALL.A.0.0.0.Q2.2G.NN.AL.WP,25Q2,2.98969
Chart_13,SAFE.H.U2.LAR.A.0.0.0.Q26.26B.NN.AL.WP,25Q2,21.577488
Chart_13,SAFE.H.U2.LAR.A.0.0.0.Q2.2G.NN.AL.WP,25Q2,1.11408
Chart_13,SAFE.H.U2.SME.A.0.0.0.Q26.26B.NN.AL.WP,25Q2,4.637619
Chart_13,SAFE.H.U2.SME.A.0.0.0.Q2.2G.NN.AL.WP,25Q2,4.036449
Chart_13,SAFE.H.U2.ALL.A.0.0.0.Q26.26B.NN.AL.WP,25Q3,9.616786
Chart_13,SAFE.H.U2.ALL.A.0.0.0.Q2.2G.NN.AL.WP,25Q3,8.383044
Chart_13,SAFE.H.U2.LAR.A.0.0.0.Q26.26B.NN.AL.WP,25Q3,16.884675
Chart_13,SAFE.H.U2.LAR.A.0.0.0.Q2.2G.NN.AL.WP,25Q3,14.234087
Chart_13,SAFE.H.U2.SME.A.0.0.0.Q26.26B.NN.AL.WP,25Q3,5.560653
Chart_13,SAFE.H.U2.SME.A.0.0.0.Q2.2G.NN.AL.WP,25Q3,5.224636
Chart_13,SAFE.H.U2.ALL.A.0.0.0.Q26.26B.NN.AL.WP,25Q4,8.137957
Chart_13,SAFE.H.U2.ALL.A.0.0.0.Q2.2G.NN.AL.WP,25Q4,5.693077
Chart_13,SAFE.H.U2.LAR.A.0.0.0.Q26.26B.NN.AL.WP,25Q4,13.702457
Chart_13,SAFE.H.U2.LAR.A.0.0.0.Q2.2G.NN.AL.WP,25Q4,7.232672
Chart_13,SAFE.H.U2.SME.A.0.0.0.Q26.26B.NN.AL.WP,25Q4,5.134226
Chart_13,SAFE.H.U2.SME.A.0.0.0.Q2.2G.NN.AL.WP,25Q4,4.832844
Chart_13,SAFE.H.U2.ALL.A.0.0.0.Q26.26B.NN.AL.WP,26Q1,8.626908
Chart_13,SAFE.H.U2.ALL.A.0.0.0.Q2.2G.NN.AL.WP,26Q1,2.944228
Chart_13,SAFE.H.U2.LAR.A.0.0.0.Q26.26B.NN.AL.WP,26Q1,15.668749
Chart_13,SAFE.H.U2.LAR.A.0.0.0.Q2.2G.NN.AL.WP,26Q1,0.66216
Chart_13,SAFE.H.U2.SME.A.0.0.0.Q26.26B.NN.AL.WP,26Q1,4.692349
Chart_13,SAFE.H.U2.SME.A.0.0.0.Q2.2G.NN.AL.WP,26Q1,4.244338
Chart_13,SAFE.H.U2.ALL.A.0.0.0.Q26.26B.NN.AL.WP,26Q2,13.289832
Chart_13,SAFE.H.U2.LAR.A.0.0.0.Q26.26B.NN.AL.WP,26Q2,24.831164
Chart_13,SAFE.H.U2.SME.A.0.0.0.Q26.26B.NN.AL.WP,26Q2,6.714651
Chart_13,SAFE.Q.U2.ALL.A.0.0.0.Q2_G1.2G.NN.AL.WP,24Q2,8.88609225193155
Chart_13,SAFE.Q.U2.LAR.A.0.0.0.Q2_G1.2G.NN.AL.WP,24Q2,13.7205484438866
Chart_13,SAFE.Q.U2.SME.A.0.0.0.Q2_G1.2G.NN.AL.WP,24Q2,6.09617986205669
Chart_13,SAFE.Q.U2.ALL.A.0.0.0.Q26_G1.26B.NN.AL.WP,24Q3,9.29945115547674
Chart_13,SAFE.Q.U2.ALL.A.0.0.0.Q2_G1.2G.NN.AL.WP,24Q3,7.460893
Chart_13,SAFE.Q.U2.LAR.A.0.0.0.Q26_G1.26B.NN.AL.WP,24Q3,15.7141169515483
Chart_13,SAFE.Q.U2.LAR.A.0.0.0.Q2_G1.2G.NN.AL.WP,24Q3,11.383618
Chart_13,SAFE.Q.U2.SME.A.0.0.0.Q26_G1.26B.NN.AL.WP,24Q3,5.59761689102577
Chart_13,SAFE.Q.U2.SME.A.0.0.0.Q2_G1.2G.NN.AL.WP,24Q3,5.336746
Chart_13,SAFE.Q.U2.ALL.A.0.0.0.Q26_G1.26B.NN.AL.WP,24Q4,6.538062
Chart_13,SAFE.Q.U2.ALL.A.0.0.0.Q2_G1.2G.NN.AL.WP,24Q4,3.901336
Chart_13,SAFE.Q.U2.LAR.A.0.0.0.Q26_G1.26B.NN.AL.WP,24Q4,13.686296
Chart_13,SAFE.Q.U2.LAR.A.0.0.0.Q2_G1.2G.NN.AL.WP,24Q4,4.374341
Chart_13,SAFE.Q.U2.SME.A.0.0.0.Q26_G1.26B.NN.AL.WP,24Q4,2.667309
Chart_13,SAFE.Q.U2.SME.A.0.0.0.Q2_G1.2G.NN.AL.WP,24Q4,3.637357
Chart_13,SAFE.Q.U2.ALL.A.0.0.0.Q26_G1.26B.NN.AL.WP,25Q1,3.950092
Chart_13,SAFE.Q.U2.ALL.A.0.0.0.Q2_G1.2G.NN.AL.WP,25Q1,5.268255
Chart_13,SAFE.Q.U2.LAR.A.0.0.0.Q26_G1.26B.NN.AL.WP,25Q1,7.421718
Chart_13,SAFE.Q.U2.LAR.A.0.0.0.Q2_G1.2G.NN.AL.WP,25Q1,8.879675
Chart_13,SAFE.Q.U2.SME.A.0.0.0.Q26_G1.26B.NN.AL.WP,25Q1,2.012614
Chart_13,SAFE.Q.U2.SME.A.0.0.0.Q2_G1.2G.NN.AL.WP,25Q1,3.272099
Chart_13,SAFE.Q.U2.ALL.A.0.0.0.Q26_G1.26B.NN.AL.WP,25Q2,10.667787
Chart_13,SAFE.Q.U2.ALL.A.0.0.0.Q2_G1.2G.NN.AL.WP,25Q2,2.98969
Chart_13,SAFE.Q.U2.LAR.A.0.0.0.Q26_G1.26B.NN.AL.WP,25Q2,21.577488
Chart_13,SAFE.Q.U2.LAR.A.0.0.0.Q2_G1.2G.NN.AL.WP,25Q2,1.11408
Chart_13,SAFE.Q.U2.SME.A.0.0.0.Q26_G1.26B.NN.AL.WP,25Q2,4.637619
Chart_13,SAFE.Q.U2.SME.A.0.0.0.Q2_G1.2G.NN.AL.WP,25Q2,4.036449
Chart_13,SAFE.Q.U2.ALL.A.0.0.0.Q26_G1.26B.NN.AL.WP,25Q3,9.616786
Chart_13,SAFE.Q.U2.ALL.A.0.0.0.Q2_G1.2G.NN.AL.WP,25Q3,8.383044
Chart_13,SAFE.Q.U2.LAR.A.0.0.0.Q26_G1.26B.NN.AL.WP,25Q3,16.884675
Chart_13,SAFE.Q.U2.LAR.A.0.0.0.Q2_G1.2G.NN.AL.WP,25Q3,14.234087
Chart_13,SAFE.Q.U2.SME.A.0.0.0.Q26_G1.26B.NN.AL.WP,25Q3,5.560653
Chart_13,SAFE.Q.U2.SME.A.0.0.0.Q2_G1.2G.NN.AL.WP,25Q3,5.224636
Chart_13,SAFE.Q.U2.ALL.A.0.0.0.Q26_G1.26B.NN.AL.WP,25Q4,8.137957
Chart_13,SAFE.Q.U2.ALL.A.0.0.0.Q2_G1.2G.NN.AL.WP,25Q4,5.693077
Chart_13,SAFE.Q.U2.LAR.A.0.0.0.Q26_G1.26B.NN.AL.WP,25Q4,13.702457
Chart_13,SAFE.Q.U2.LAR.A.0.0.0.Q2_G1.2G.NN.AL.WP,25Q4,7.232672
Chart_13,SAFE.Q.U2.SME.A.0.0.0.Q26_G1.26B.NN.AL.WP,25Q4,5.134226
Chart_13,SAFE.Q.U2.SME.A.0.0.0.Q2_G1.2G.NN.AL.WP,25Q4,4.832844
Chart_13,SAFE.Q.U2.ALL.A.0.0.0.Q26_G1.26B.NN.AL.WP,26Q1,8.626908
Chart_13,SAFE.Q.U2.ALL.A.0.0.0.Q2_G1.2G.NN.AL.WP,26Q1,2.944228
Chart_13,SAFE.Q.U2.LAR.A.0.0.0.Q26_G1.26B.NN.AL.WP,26Q1,15.668749
Chart_13,SAFE.Q.U2.LAR.A.0.0.0.Q2_G1.2G.NN.AL.WP,26Q1,0.66216
Chart_13,SAFE.Q.U2.SME.A.0.0.0.Q26_G1.26B.NN.AL.WP,26Q1,4.692349
Chart_13,SAFE.Q.U2.SME.A.0.0.0.Q2_G1.2G.NN.AL.WP,26Q1,4.244338
Chart_13,SAFE.Q.U2.ALL.A.0.0.0.Q26_G1.26B.NN.AL.WP,26Q2,13.289832
Chart_13,SAFE.Q.U2.LAR.A.0.0.0.Q26_G1.26B.NN.AL.WP,26Q2,24.831164
Chart_13,SAFE.Q.U2.SME.A.0.0.0.Q26_G1.26B.NN.AL.WP,26Q2,6.714651
